id,age,region,subscription,months,mobility,category,service,status
C0001,60-69,Occitanie,Basique,4,Moyenne,Accompagnement,Visite,Confirmé
C0002,60-69,Île-de-France,Basique,24,Élevée,Loisirs,Mémoire,Terminé
C0003,80+,PACA,Premium,32,Moyenne,Loisirs,Jeux,Confirmé
C0004,60-69,Auvergne-Rhône-Alpes,Premium,3,Moyenne,Accompagnement,Courses,Confirmé
C0005,60-69,Bretagne,Premium,54,Moyenne,Accompagnement,Transport,Confirmé
C0006,60-69,Bretagne,Basique,52,Élevée,Administratif,Fiscalité,Annulé
C0007,60-69,Île-de-France,Premium,43,Faible,Accompagnement,Visite,Confirmé
C0008,70-79,Auvergne-Rhône-Alpes,Basique,27,Élevée,Accompagnement,Support,Confirmé
C0009,80+,Île-de-France,Basique,41,Moyenne,Accompagnement,Visite,Confirmé
C0010,80+,PACA,Premium,15,Faible,Santé,Nutrition,Confirmé
C0011,60-69,Occitanie,Premium,10,Faible,Accompagnement,Courses,Confirmé
C0012,80+,Occitanie,Basique,11,Moyenne,Administratif,Courrier,Confirmé
C0013,70-79,Occitanie,Premium,35,Faible,Accompagnement,Courses,Confirmé
C0014,80+,Île-de-France,Basique,25,Faible,Accompagnement,Visite,Annulé
C0015,80+,Auvergne-Rhône-Alpes,Basique,26,Faible,Santé,Suivi médical,Confirmé
C0016,70-79,Bretagne,Basique,1,Moyenne,Santé,Kiné,Confirmé
C0017,60-69,Auvergne-Rhône-Alpes,Basique,25,Moyenne,Administratif,Démarches,Confirmé
C0018,60-69,Bretagne,Premium,18,Faible,Accompagnement,Courses,Confirmé
C0019,60-69,Auvergne-Rhône-Alpes,Basique,7,Moyenne,Accompagnement,Support,Confirmé
C0020,80+,Auvergne-Rhône-Alpes,Basique,24,Faible,Accompagnement,Courses,Terminé
C0021,70-79,Auvergne-Rhône-Alpes,Basique,7,Élevée,Accompagnement,Support,Terminé
C0022,80+,Île-de-France,Premium,4,Élevée,Loisirs,Créatif,Confirmé
C0023,60-69,Occitanie,Basique,24,Moyenne,Loisirs,Jeux,Confirmé
C0024,80+,Bretagne,Premium,46,Faible,Loisirs,Jeux,Confirmé
C0025,60-69,Auvergne-Rhône-Alpes,Premium,24,Faible,Loisirs,Mémoire,Confirmé
C0026,80+,Bretagne,Basique,55,Moyenne,Accompagnement,Transport,Terminé
C0027,80+,Bretagne,Basique,55,Moyenne,Santé,Suivi médical,Annulé
C0028,80+,Occitanie,Basique,8,Moyenne,Loisirs,Sortie,Confirmé
C0029,70-79,Auvergne-Rhône-Alpes,Basique,27,Moyenne,Accompagnement,Support,Confirmé
C0030,80+,Occitanie,Premium,1,Faible,Accompagnement,Courses,Confirmé
C0031,80+,Bretagne,Basique,44,Faible,Loisirs,Jeux,Confirmé
C0032,70-79,Bretagne,Premium,30,Moyenne,Accompagnement,Transport,Confirmé
C0033,80+,Occitanie,Basique,49,Élevée,Loisirs,Créatif,Confirmé
C0034,60-69,PACA,Basique,48,Élevée,Accompagnement,Visite,Confirmé
C0035,80+,Île-de-France,Basique,41,Moyenne,Santé,Kiné,Annulé
C0036,60-69,Auvergne-Rhône-Alpes,Basique,41,Moyenne,Accompagnement,Courses,Confirmé
C0037,80+,Bretagne,Basique,54,Faible,Santé,Kiné,Confirmé
C0038,70-79,Occitanie,Basique,8,Élevée,Accompagnement,Courses,Confirmé
C0039,80+,Occitanie,Basique,1,Faible,Santé,Kiné,Confirmé
C0040,60-69,Occitanie,Basique,12,Faible,Administratif,Démarches,Confirmé
C0041,80+,Île-de-France,Basique,3,Moyenne,Loisirs,Jeux,Annulé
C0042,80+,Île-de-France,Basique,23,Moyenne,Accompagnement,Transport,Confirmé
C0043,70-79,Bretagne,Premium,31,Faible,Santé,Suivi médical,Confirmé
C0044,80+,Occitanie,Basique,42,Élevée,Loisirs,Créatif,Confirmé
C0045,80+,Île-de-France,Basique,58,Moyenne,Administratif,Numérique,Annulé
C0046,70-79,PACA,Basique,10,Moyenne,Loisirs,Sortie,Terminé
C0047,80+,Auvergne-Rhône-Alpes,Basique,23,Moyenne,Accompagnement,Transport,Confirmé
C0048,80+,Auvergne-Rhône-Alpes,Basique,34,Faible,Santé,Suivi médical,Terminé
C0049,70-79,Bretagne,Basique,33,Élevée,Accompagnement,Visite,Terminé
C0050,80+,Auvergne-Rhône-Alpes,Premium,20,Moyenne,Santé,Bien-être,Confirmé
C0051,70-79,Bretagne,Premium,22,Faible,Accompagnement,Support,Confirmé
C0052,80+,Occitanie,Premium,48,Moyenne,Santé,Bien-être,Confirmé
C0053,80+,Bretagne,Premium,18,Faible,Loisirs,Jeux,Confirmé
C0054,60-69,PACA,Basique,57,Faible,Accompagnement,Support,Terminé
C0055,60-69,Auvergne-Rhône-Alpes,Basique,55,Moyenne,Accompagnement,Courses,Annulé
C0056,80+,Auvergne-Rhône-Alpes,Premium,8,Élevée,Administratif,Courrier,Confirmé
C0057,80+,Occitanie,Premium,19,Moyenne,Santé,Suivi médical,Terminé
C0058,70-79,Bretagne,Premium,6,Moyenne,Santé,Bien-être,Confirmé
C0059,70-79,Occitanie,Basique,4,Faible,Accompagnement,Support,Confirmé
C0060,80+,Occitanie,Basique,30,Moyenne,Administratif,Démarches,Confirmé
C0061,60-69,PACA,Premium,24,Moyenne,Accompagnement,Visite,Confirmé
C0062,60-69,Auvergne-Rhône-Alpes,Premium,22,Élevée,Accompagnement,Courses,Terminé
C0063,60-69,Île-de-France,Basique,39,Moyenne,Accompagnement,Visite,Confirmé
C0064,80+,Île-de-France,Premium,35,Faible,Loisirs,Jeux,Confirmé
C0065,70-79,Île-de-France,Basique,21,Moyenne,Santé,Bien-être,Confirmé
C0066,60-69,Occitanie,Basique,3,Moyenne,Accompagnement,Visite,Confirmé
C0067,60-69,Occitanie,Basique,17,Moyenne,Santé,Kiné,Confirmé
C0068,60-69,PACA,Basique,10,Moyenne,Administratif,Fiscalité,Annulé
C0069,80+,PACA,Basique,5,Élevée,Santé,Suivi médical,Annulé
C0070,80+,Bretagne,Basique,53,Élevée,Loisirs,Créatif,Confirmé
C0071,80+,Auvergne-Rhône-Alpes,Basique,27,Élevée,Santé,Suivi médical,Confirmé
C0072,70-79,Île-de-France,Basique,1,Moyenne,Accompagnement,Visite,Confirmé
C0073,60-69,Occitanie,Premium,34,Moyenne,Administratif,Numérique,Confirmé
C0074,70-79,Occitanie,Basique,18,Moyenne,Santé,Bien-être,Confirmé
C0075,70-79,PACA,Premium,13,Moyenne,Accompagnement,Visite,Confirmé
C0076,70-79,PACA,Premium,21,Faible,Santé,Nutrition,Confirmé
C0077,80+,Île-de-France,Basique,57,Faible,Accompagnement,Visite,Confirmé
C0078,80+,PACA,Basique,6,Moyenne,Santé,Nutrition,Confirmé
C0079,60-69,Bretagne,Premium,45,Moyenne,Loisirs,Jeux,Annulé
C0080,60-69,Île-de-France,Basique,56,Moyenne,Accompagnement,Transport,Confirmé
C0081,60-69,Bretagne,Basique,55,Élevée,Administratif,Démarches,Confirmé
C0082,70-79,PACA,Premium,15,Moyenne,Accompagnement,Transport,Confirmé
C0083,60-69,Bretagne,Basique,14,Moyenne,Administratif,Numérique,Confirmé
C0084,70-79,Auvergne-Rhône-Alpes,Basique,37,Élevée,Santé,Bien-être,Confirmé
C0085,70-79,Occitanie,Premium,22,Faible,Accompagnement,Courses,Confirmé
C0086,80+,Occitanie,Basique,43,Faible,Santé,Suivi médical,Confirmé
C0087,70-79,Bretagne,Basique,20,Moyenne,Accompagnement,Courses,Annulé
C0088,70-79,Île-de-France,Basique,18,Moyenne,Loisirs,Jeux,Annulé
C0089,70-79,PACA,Basique,2,Élevée,Accompagnement,Transport,Terminé
C0090,60-69,PACA,Basique,33,Moyenne,Administratif,Démarches,Terminé
C0091,70-79,Bretagne,Basique,10,Faible,Administratif,Courrier,Confirmé
C0092,70-79,Auvergne-Rhône-Alpes,Premium,21,Faible,Accompagnement,Support,Annulé
C0093,80+,Occitanie,Premium,41,Moyenne,Loisirs,Jeux,Terminé
C0094,70-79,Occitanie,Basique,33,Moyenne,Loisirs,Sortie,Confirmé
C0095,70-79,Auvergne-Rhône-Alpes,Basique,17,Faible,Accompagnement,Transport,Confirmé
C0096,70-79,Bretagne,Basique,27,Faible,Administratif,Fiscalité,Terminé
C0097,70-79,Bretagne,Premium,19,Moyenne,Santé,Bien-être,Confirmé
C0098,60-69,Bretagne,Basique,35,Faible,Accompagnement,Courses,Confirmé
C0099,60-69,Bretagne,Premium,4,Faible,Administratif,Courrier,Confirmé
C0100,80+,Auvergne-Rhône-Alpes,Premium,26,Faible,Santé,Bien-être,Terminé
C0101,80+,Auvergne-Rhône-Alpes,Basique,19,Moyenne,Loisirs,Mémoire,Terminé
C0102,60-69,PACA,Premium,9,Faible,Administratif,Démarches,Annulé
C0103,80+,Bretagne,Basique,24,Moyenne,Santé,Kiné,Confirmé
C0104,80+,Occitanie,Basique,7,Élevée,Administratif,Fiscalité,Terminé
C0105,60-69,Auvergne-Rhône-Alpes,Basique,25,Moyenne,Accompagnement,Support,Confirmé
C0106,80+,Île-de-France,Basique,26,Faible,Accompagnement,Support,Confirmé
C0107,80+,PACA,Premium,8,Faible,Loisirs,Mémoire,Confirmé
C0108,60-69,Auvergne-Rhône-Alpes,Basique,53,Faible,Accompagnement,Visite,Confirmé
C0109,80+,Île-de-France,Premium,7,Faible,Santé,Suivi médical,Confirmé
C0110,60-69,Île-de-France,Premium,23,Moyenne,Administratif,Courrier,Confirmé
C0111,60-69,Auvergne-Rhône-Alpes,Basique,9,Moyenne,Accompagnement,Visite,Confirmé
C0112,80+,Occitanie,Basique,47,Moyenne,Loisirs,Mémoire,Confirmé
C0113,70-79,PACA,Premium,53,Faible,Loisirs,Mémoire,Confirmé
C0114,70-79,Occitanie,Basique,31,Moyenne,Loisirs,Sortie,Confirmé
C0115,80+,Occitanie,Basique,7,Faible,Loisirs,Jeux,Terminé
C0116,60-69,Bretagne,Basique,1,Moyenne,Accompagnement,Transport,Terminé
C0117,60-69,PACA,Basique,14,Moyenne,Accompagnement,Courses,Confirmé
C0118,70-79,Bretagne,Basique,12,Moyenne,Santé,Bien-être,Terminé
C0119,60-69,Île-de-France,Basique,54,Faible,Administratif,Démarches,Confirmé
C0120,80+,Occitanie,Basique,13,Faible,Accompagnement,Visite,Annulé
C0121,80+,PACA,Premium,37,Faible,Santé,Nutrition,Confirmé
C0122,70-79,Auvergne-Rhône-Alpes,Basique,34,Faible,Accompagnement,Transport,Confirmé
C0123,60-69,Occitanie,Premium,25,Faible,Accompagnement,Visite,Confirmé
C0124,80+,Bretagne,Basique,49,Faible,Accompagnement,Courses,Confirmé
C0125,70-79,Bretagne,Premium,20,Moyenne,Administratif,Numérique,Confirmé
C0126,70-79,Bretagne,Basique,1,Moyenne,Accompagnement,Courses,Confirmé
C0127,60-69,PACA,Premium,58,Élevée,Santé,Suivi médical,Annulé
C0128,60-69,Bretagne,Premium,26,Moyenne,Administratif,Numérique,Confirmé
C0129,80+,Auvergne-Rhône-Alpes,Basique,34,Moyenne,Santé,Suivi médical,Annulé
C0130,70-79,Occitanie,Basique,23,Moyenne,Accompagnement,Visite,Confirmé
C0131,70-79,Île-de-France,Basique,45,Moyenne,Santé,Bien-être,Confirmé
C0132,60-69,Île-de-France,Premium,2,Moyenne,Accompagnement,Visite,Confirmé
C0133,60-69,Île-de-France,Basique,31,Faible,Accompagnement,Support,Confirmé
C0134,70-79,Île-de-France,Basique,7,Élevée,Accompagnement,Courses,Confirmé
C0135,80+,PACA,Basique,5,Faible,Santé,Suivi médical,Annulé
C0136,60-69,Occitanie,Basique,49,Élevée,Accompagnement,Courses,Confirmé
C0137,70-79,Bretagne,Premium,59,Moyenne,Administratif,Fiscalité,Confirmé
C0138,70-79,PACA,Premium,18,Moyenne,Accompagnement,Support,Annulé
C0139,80+,Île-de-France,Basique,45,Élevée,Santé,Nutrition,Confirmé
C0140,60-69,Île-de-France,Basique,19,Moyenne,Administratif,Numérique,Confirmé
C0141,70-79,Occitanie,Premium,57,Moyenne,Accompagnement,Support,Confirmé
C0142,60-69,Île-de-France,Premium,9,Faible,Accompagnement,Support,Confirmé
C0143,70-79,Bretagne,Basique,20,Faible,Santé,Bien-être,Confirmé
C0144,70-79,Occitanie,Basique,50,Moyenne,Accompagnement,Visite,Confirmé
C0145,60-69,Île-de-France,Premium,17,Moyenne,Loisirs,Mémoire,Terminé
C0146,60-69,Bretagne,Basique,35,Moyenne,Accompagnement,Support,Confirmé
C0147,80+,Île-de-France,Basique,17,Élevée,Santé,Nutrition,Confirmé
C0148,80+,PACA,Premium,48,Élevée,Loisirs,Mémoire,Confirmé
C0149,80+,Auvergne-Rhône-Alpes,Premium,8,Moyenne,Administratif,Fiscalité,Annulé
C0150,80+,Île-de-France,Basique,5,Moyenne,Santé,Kiné,Confirmé
C0151,60-69,PACA,Premium,18,Moyenne,Administratif,Courrier,Confirmé
C0152,60-69,Occitanie,Basique,12,Faible,Accompagnement,Support,Confirmé
C0153,60-69,Auvergne-Rhône-Alpes,Premium,21,Élevée,Administratif,Courrier,Confirmé
C0154,60-69,PACA,Premium,58,Faible,Accompagnement,Courses,Confirmé
C0155,60-69,Auvergne-Rhône-Alpes,Premium,53,Faible,Santé,Bien-être,Confirmé
C0156,80+,Auvergne-Rhône-Alpes,Basique,6,Élevée,Loisirs,Sortie,Confirmé
C0157,60-69,Île-de-France,Basique,21,Faible,Accompagnement,Courses,Confirmé
C0158,70-79,Auvergne-Rhône-Alpes,Basique,24,Faible,Santé,Suivi médical,Confirmé
C0159,60-69,PACA,Basique,38,Faible,Santé,Nutrition,Confirmé
C0160,60-69,Bretagne,Basique,52,Moyenne,Accompagnement,Courses,Annulé
C0161,70-79,Auvergne-Rhône-Alpes,Basique,31,Moyenne,Loisirs,Mémoire,Confirmé
C0162,80+,Auvergne-Rhône-Alpes,Basique,17,Faible,Santé,Suivi médical,Confirmé
C0163,60-69,Auvergne-Rhône-Alpes,Basique,43,Moyenne,Accompagnement,Transport,Confirmé
C0164,70-79,Bretagne,Basique,33,Moyenne,Accompagnement,Transport,Terminé
C0165,80+,Île-de-France,Basique,1,Faible,Accompagnement,Courses,Confirmé
C0166,80+,PACA,Basique,10,Élevée,Accompagnement,Transport,Terminé
C0167,60-69,Occitanie,Basique,9,Faible,Administratif,Numérique,Confirmé
C0168,60-69,Auvergne-Rhône-Alpes,Premium,20,Moyenne,Accompagnement,Transport,Confirmé
C0169,60-69,Auvergne-Rhône-Alpes,Premium,54,Élevée,Accompagnement,Visite,Confirmé
C0170,80+,Île-de-France,Basique,16,Moyenne,Loisirs,Jeux,Annulé
C0171,80+,Auvergne-Rhône-Alpes,Premium,33,Moyenne,Loisirs,Créatif,Terminé
C0172,70-79,Bretagne,Premium,25,Moyenne,Accompagnement,Transport,Confirmé
C0173,60-69,Bretagne,Premium,36,Faible,Administratif,Courrier,Terminé
C0174,80+,Auvergne-Rhône-Alpes,Premium,3,Moyenne,Santé,Nutrition,Terminé
C0175,80+,PACA,Basique,2,Élevée,Santé,Nutrition,Confirmé
C0176,60-69,Bretagne,Premium,44,Moyenne,Accompagnement,Courses,Annulé
C0177,80+,PACA,Basique,21,Faible,Administratif,Fiscalité,Confirmé
C0178,80+,Auvergne-Rhône-Alpes,Basique,55,Faible,Santé,Kiné,Terminé
C0179,70-79,Bretagne,Basique,58,Élevée,Santé,Bien-être,Terminé
C0180,70-79,Île-de-France,Premium,30,Moyenne,Loisirs,Jeux,Confirmé
C0181,70-79,PACA,Premium,31,Élevée,Accompagnement,Support,Annulé
C0182,70-79,Auvergne-Rhône-Alpes,Premium,15,Faible,Santé,Suivi médical,Terminé
C0183,70-79,Occitanie,Premium,19,Faible,Loisirs,Créatif,Confirmé
C0184,60-69,Île-de-France,Basique,54,Moyenne,Accompagnement,Courses,Confirmé
C0185,80+,PACA,Basique,49,Moyenne,Accompagnement,Visite,Confirmé
C0186,60-69,Occitanie,Premium,30,Moyenne,Accompagnement,Courses,Confirmé
C0187,60-69,Île-de-France,Basique,17,Moyenne,Administratif,Fiscalité,Terminé
C0188,80+,Occitanie,Basique,14,Faible,Loisirs,Jeux,Confirmé
C0189,80+,Bretagne,Basique,15,Moyenne,Santé,Nutrition,Terminé
C0190,80+,PACA,Basique,54,Faible,Santé,Suivi médical,Confirmé
C0191,80+,Bretagne,Basique,29,Moyenne,Loisirs,Créatif,Confirmé
C0192,60-69,Île-de-France,Basique,5,Élevée,Accompagnement,Courses,Confirmé
C0193,70-79,Bretagne,Premium,11,Moyenne,Accompagnement,Support,Confirmé
C0194,80+,PACA,Basique,2,Faible,Loisirs,Mémoire,Confirmé
C0195,80+,Île-de-France,Basique,2,Faible,Santé,Nutrition,Annulé
C0196,80+,Occitanie,Basique,52,Moyenne,Santé,Kiné,Confirmé
C0197,70-79,Île-de-France,Basique,28,Élevée,Administratif,Démarches,Terminé
C0198,80+,Bretagne,Basique,58,Faible,Santé,Nutrition,Confirmé
C0199,60-69,Occitanie,Basique,53,Élevée,Administratif,Numérique,Confirmé
C0200,80+,Occitanie,Premium,48,Moyenne,Accompagnement,Visite,Confirmé
C0201,70-79,Île-de-France,Basique,48,Moyenne,Accompagnement,Transport,Confirmé
C0202,80+,PACA,Premium,20,Élevée,Santé,Kiné,Terminé
C0203,60-69,Île-de-France,Basique,2,Faible,Accompagnement,Visite,Annulé
C0204,70-79,Bretagne,Basique,49,Moyenne,Santé,Suivi médical,Confirmé
C0205,60-69,Occitanie,Basique,31,Moyenne,Accompagnement,Support,Confirmé
C0206,60-69,Occitanie,Basique,56,Élevée,Accompagnement,Visite,Confirmé
C0207,60-69,Bretagne,Premium,8,Moyenne,Administratif,Fiscalité,Confirmé
C0208,60-69,Bretagne,Premium,48,Moyenne,Accompagnement,Visite,Annulé
C0209,70-79,Bretagne,Basique,25,Élevée,Santé,Suivi médical,Terminé
C0210,80+,Auvergne-Rhône-Alpes,Basique,4,Moyenne,Loisirs,Sortie,Annulé
C0211,80+,Bretagne,Premium,19,Faible,Administratif,Démarches,Confirmé
C0212,80+,Occitanie,Premium,29,Faible,Accompagnement,Visite,Annulé
C0213,80+,Bretagne,Basique,39,Moyenne,Accompagnement,Visite,Terminé
C0214,70-79,Occitanie,Basique,4,Faible,Santé,Nutrition,Annulé
C0215,80+,Occitanie,Premium,52,Moyenne,Santé,Kiné,Annulé
C0216,60-69,Île-de-France,Basique,58,Moyenne,Accompagnement,Transport,Confirmé
C0217,60-69,PACA,Basique,19,Moyenne,Administratif,Numérique,Confirmé
C0218,80+,Occitanie,Premium,14,Élevée,Santé,Nutrition,Annulé
C0219,70-79,Île-de-France,Basique,17,Moyenne,Administratif,Courrier,Confirmé
C0220,80+,Auvergne-Rhône-Alpes,Basique,52,Moyenne,Loisirs,Mémoire,Confirmé
C0221,80+,PACA,Basique,5,Faible,Loisirs,Jeux,Confirmé
C0222,70-79,Occitanie,Basique,8,Moyenne,Loisirs,Mémoire,Confirmé
C0223,70-79,Occitanie,Premium,33,Élevée,Accompagnement,Transport,Terminé
C0224,60-69,PACA,Basique,6,Élevée,Accompagnement,Support,Confirmé
C0225,80+,Auvergne-Rhône-Alpes,Basique,3,Moyenne,Santé,Suivi médical,Confirmé
C0226,80+,Île-de-France,Basique,15,Élevée,Santé,Bien-être,Annulé
C0227,70-79,Auvergne-Rhône-Alpes,Basique,15,Moyenne,Accompagnement,Courses,Confirmé
C0228,70-79,Île-de-France,Basique,56,Moyenne,Accompagnement,Support,Confirmé
C0229,80+,Occitanie,Basique,6,Faible,Santé,Suivi médical,Confirmé
C0230,60-69,Auvergne-Rhône-Alpes,Premium,56,Faible,Administratif,Fiscalité,Terminé
C0231,80+,Bretagne,Basique,9,Moyenne,Loisirs,Mémoire,Confirmé
C0232,60-69,Auvergne-Rhône-Alpes,Basique,40,Élevée,Accompagnement,Support,Annulé
C0233,70-79,PACA,Basique,14,Moyenne,Loisirs,Créatif,Confirmé
C0234,70-79,PACA,Premium,3,Moyenne,Santé,Nutrition,Confirmé
C0235,80+,PACA,Premium,10,Moyenne,Loisirs,Mémoire,Confirmé
C0236,70-79,PACA,Basique,1,Faible,Loisirs,Jeux,Confirmé
C0237,70-79,Auvergne-Rhône-Alpes,Basique,20,Moyenne,Accompagnement,Visite,Confirmé
C0238,70-79,Occitanie,Basique,48,Faible,Santé,Bien-être,Confirmé
C0239,60-69,Auvergne-Rhône-Alpes,Basique,32,Moyenne,Loisirs,Mémoire,Terminé
C0240,60-69,PACA,Premium,33,Moyenne,Accompagnement,Courses,Confirmé
C0241,60-69,Bretagne,Basique,25,Élevée,Administratif,Courrier,Confirmé
C0242,60-69,Bretagne,Basique,14,Moyenne,Accompagnement,Visite,Confirmé
C0243,80+,Occitanie,Basique,60,Élevée,Santé,Suivi médical,Confirmé
C0244,80+,Bretagne,Premium,59,Faible,Accompagnement,Courses,Confirmé
C0245,70-79,PACA,Basique,2,Moyenne,Accompagnement,Support,Confirmé
C0246,70-79,Bretagne,Basique,50,Moyenne,Santé,Bien-être,Confirmé
C0247,60-69,Île-de-France,Premium,10,Moyenne,Administratif,Démarches,Terminé
C0248,70-79,Auvergne-Rhône-Alpes,Premium,41,Élevée,Administratif,Numérique,Confirmé
C0249,70-79,Île-de-France,Basique,27,Moyenne,Loisirs,Mémoire,Confirmé
C0250,70-79,Bretagne,Basique,3,Élevée,Loisirs,Mémoire,Confirmé
C0251,60-69,Auvergne-Rhône-Alpes,Basique,39,Moyenne,Santé,Kiné,Annulé
C0252,60-69,Bretagne,Basique,55,Moyenne,Accompagnement,Visite,Terminé
C0253,70-79,Occitanie,Basique,47,Élevée,Loisirs,Mémoire,Confirmé
C0254,80+,PACA,Basique,36,Moyenne,Santé,Kiné,Confirmé
C0255,80+,Île-de-France,Basique,27,Moyenne,Santé,Suivi médical,Confirmé
C0256,60-69,Occitanie,Premium,33,Moyenne,Administratif,Démarches,Terminé
C0257,70-79,Île-de-France,Premium,33,Moyenne,Santé,Suivi médical,Confirmé
C0258,70-79,Île-de-France,Premium,10,Moyenne,Administratif,Fiscalité,Terminé
C0259,70-79,Auvergne-Rhône-Alpes,Basique,33,Faible,Administratif,Démarches,Annulé
C0260,60-69,Occitanie,Basique,33,Moyenne,Accompagnement,Courses,Confirmé
C0261,80+,Île-de-France,Premium,19,Faible,Loisirs,Mémoire,Confirmé
C0262,70-79,Auvergne-Rhône-Alpes,Basique,55,Moyenne,Accompagnement,Transport,Annulé
C0263,60-69,Île-de-France,Premium,20,Élevée,Accompagnement,Courses,Terminé
C0264,60-69,Auvergne-Rhône-Alpes,Basique,7,Faible,Administratif,Fiscalité,Confirmé
C0265,70-79,Île-de-France,Premium,51,Faible,Santé,Bien-être,Confirmé
C0266,70-79,Occitanie,Basique,5,Moyenne,Santé,Kiné,Confirmé
C0267,80+,PACA,Basique,6,Moyenne,Accompagnement,Support,Confirmé
C0268,60-69,Bretagne,Basique,53,Moyenne,Accompagnement,Support,Annulé
C0269,80+,Bretagne,Basique,35,Faible,Santé,Suivi médical,Confirmé
C0270,70-79,Auvergne-Rhône-Alpes,Basique,13,Moyenne,Accompagnement,Support,Confirmé
C0271,70-79,Occitanie,Basique,13,Moyenne,Loisirs,Jeux,Terminé
C0272,80+,Auvergne-Rhône-Alpes,Premium,40,Faible,Santé,Nutrition,Confirmé
C0273,80+,PACA,Basique,27,Moyenne,Santé,Suivi médical,Confirmé
C0274,80+,Auvergne-Rhône-Alpes,Premium,33,Faible,Loisirs,Jeux,Terminé
C0275,60-69,Occitanie,Basique,38,Moyenne,Accompagnement,Support,Confirmé
C0276,80+,Occitanie,Basique,1,Faible,Administratif,Fiscalité,Confirmé
C0277,70-79,Auvergne-Rhône-Alpes,Basique,11,Élevée,Accompagnement,Visite,Terminé
C0278,60-69,Île-de-France,Basique,57,Moyenne,Administratif,Numérique,Confirmé
C0279,60-69,PACA,Premium,21,Moyenne,Loisirs,Mémoire,Terminé
C0280,80+,PACA,Premium,54,Faible,Loisirs,Jeux,Annulé
C0281,80+,Île-de-France,Basique,18,Moyenne,Loisirs,Créatif,Confirmé
C0282,80+,Occitanie,Premium,16,Faible,Santé,Suivi médical,Confirmé
C0283,80+,PACA,Premium,48,Élevée,Accompagnement,Courses,Confirmé
C0284,60-69,Île-de-France,Premium,2,Moyenne,Administratif,Fiscalité,Annulé
C0285,60-69,Île-de-France,Basique,5,Moyenne,Accompagnement,Courses,Confirmé
C0286,80+,PACA,Premium,24,Faible,Accompagnement,Transport,Annulé
C0287,60-69,PACA,Basique,4,Moyenne,Accompagnement,Visite,Annulé
C0288,60-69,Occitanie,Basique,32,Moyenne,Accompagnement,Support,Confirmé
C0289,60-69,Île-de-France,Premium,56,Faible,Accompagnement,Courses,Confirmé
C0290,80+,Bretagne,Premium,12,Moyenne,Accompagnement,Transport,Confirmé
C0291,60-69,Bretagne,Premium,50,Moyenne,Accompagnement,Transport,Confirmé
C0292,60-69,PACA,Basique,27,Élevée,Accompagnement,Courses,Confirmé
C0293,70-79,Occitanie,Premium,41,Moyenne,Santé,Suivi médical,Confirmé
C0294,80+,Occitanie,Basique,53,Moyenne,Loisirs,Mémoire,Confirmé
C0295,60-69,Bretagne,Premium,41,Faible,Santé,Nutrition,Annulé
C0296,60-69,Île-de-France,Premium,23,Faible,Accompagnement,Transport,Terminé
C0297,80+,Bretagne,Basique,3,Élevée,Loisirs,Créatif,Terminé
C0298,70-79,Occitanie,Basique,55,Moyenne,Accompagnement,Visite,Confirmé
C0299,80+,Bretagne,Premium,53,Moyenne,Loisirs,Jeux,Terminé
C0300,60-69,Bretagne,Premium,37,Faible,Administratif,Numérique,Confirmé
C0301,60-69,Auvergne-Rhône-Alpes,Premium,47,Faible,Accompagnement,Courses,Annulé
C0302,60-69,PACA,Basique,16,Élevée,Administratif,Fiscalité,Confirmé
C0303,70-79,Occitanie,Basique,51,Moyenne,Accompagnement,Courses,Confirmé
C0304,70-79,PACA,Basique,18,Élevée,Loisirs,Sortie,Confirmé
C0305,70-79,Auvergne-Rhône-Alpes,Basique,13,Faible,Santé,Nutrition,Confirmé
C0306,60-69,Occitanie,Premium,55,Élevée,Administratif,Numérique,Confirmé
C0307,60-69,Île-de-France,Premium,25,Faible,Loisirs,Créatif,Terminé
C0308,70-79,Bretagne,Basique,42,Moyenne,Santé,Nutrition,Confirmé
C0309,60-69,Île-de-France,Premium,41,Moyenne,Accompagnement,Courses,Confirmé
C0310,60-69,Île-de-France,Basique,49,Moyenne,Accompagnement,Transport,Confirmé
C0311,80+,PACA,Basique,14,Moyenne,Santé,Kiné,Annulé
C0312,70-79,Île-de-France,Basique,58,Faible,Accompagnement,Support,Confirmé
C0313,70-79,Auvergne-Rhône-Alpes,Basique,2,Moyenne,Accompagnement,Support,Confirmé
C0314,70-79,PACA,Basique,26,Faible,Accompagnement,Courses,Annulé
C0315,70-79,Bretagne,Premium,19,Faible,Administratif,Fiscalité,Confirmé
C0316,70-79,Bretagne,Premium,41,Moyenne,Administratif,Courrier,Confirmé
C0317,80+,PACA,Basique,60,Moyenne,Accompagnement,Visite,Confirmé
C0318,60-69,Auvergne-Rhône-Alpes,Premium,12,Faible,Accompagnement,Transport,Confirmé
C0319,60-69,Auvergne-Rhône-Alpes,Premium,24,Moyenne,Administratif,Courrier,Confirmé
C0320,70-79,PACA,Basique,57,Moyenne,Loisirs,Jeux,Confirmé
C0321,60-69,PACA,Basique,28,Élevée,Santé,Kiné,Confirmé
C0322,80+,Occitanie,Basique,31,Moyenne,Accompagnement,Transport,Terminé
C0323,60-69,Occitanie,Basique,18,Moyenne,Accompagnement,Courses,Terminé
C0324,80+,Occitanie,Basique,35,Faible,Loisirs,Jeux,Terminé
C0325,60-69,Occitanie,Premium,32,Élevée,Accompagnement,Transport,Confirmé
C0326,60-69,Île-de-France,Premium,31,Faible,Accompagnement,Visite,Confirmé
C0327,80+,PACA,Basique,50,Élevée,Loisirs,Jeux,Confirmé
C0328,60-69,PACA,Basique,18,Élevée,Accompagnement,Transport,Confirmé
C0329,60-69,PACA,Basique,29,Moyenne,Accompagnement,Visite,Confirmé
C0330,80+,PACA,Premium,28,Moyenne,Accompagnement,Courses,Confirmé
C0331,60-69,Île-de-France,Basique,53,Faible,Accompagnement,Courses,Confirmé
C0332,80+,PACA,Premium,8,Moyenne,Accompagnement,Transport,Confirmé
C0333,80+,Occitanie,Basique,12,Moyenne,Loisirs,Mémoire,Confirmé
C0334,70-79,Île-de-France,Premium,12,Élevée,Accompagnement,Visite,Annulé
C0335,70-79,Île-de-France,Basique,7,Faible,Administratif,Numérique,Confirmé
C0336,60-69,Île-de-France,Basique,40,Faible,Accompagnement,Transport,Annulé
C0337,80+,Bretagne,Premium,55,Faible,Loisirs,Sortie,Confirmé
C0338,60-69,Bretagne,Basique,12,Moyenne,Accompagnement,Transport,Confirmé
C0339,70-79,Bretagne,Basique,47,Faible,Loisirs,Mémoire,Confirmé
C0340,80+,PACA,Basique,17,Élevée,Santé,Bien-être,Confirmé
C0341,70-79,Île-de-France,Basique,13,Moyenne,Loisirs,Jeux,Annulé
C0342,80+,Bretagne,Premium,17,Moyenne,Santé,Nutrition,Annulé
C0343,60-69,PACA,Premium,25,Faible,Santé,Kiné,Confirmé
C0344,70-79,Île-de-France,Premium,35,Élevée,Loisirs,Mémoire,Confirmé
C0345,80+,Bretagne,Basique,26,Faible,Santé,Kiné,Confirmé
C0346,60-69,PACA,Basique,7,Faible,Loisirs,Créatif,Confirmé
C0347,80+,PACA,Basique,14,Faible,Santé,Nutrition,Confirmé
C0348,70-79,Occitanie,Basique,50,Moyenne,Loisirs,Sortie,Terminé
C0349,60-69,Bretagne,Premium,34,Faible,Loisirs,Sortie,Confirmé
C0350,60-69,Île-de-France,Basique,15,Élevée,Accompagnement,Courses,Confirmé
C0351,70-79,Bretagne,Basique,32,Moyenne,Accompagnement,Courses,Confirmé
C0352,80+,Occitanie,Basique,45,Faible,Accompagnement,Visite,Terminé
C0353,70-79,Auvergne-Rhône-Alpes,Basique,40,Faible,Santé,Bien-être,Annulé
C0354,60-69,Occitanie,Basique,21,Élevée,Accompagnement,Transport,Confirmé
C0355,70-79,PACA,Basique,25,Moyenne,Santé,Bien-être,Confirmé
C0356,60-69,Occitanie,Basique,16,Moyenne,Administratif,Démarches,Confirmé
C0357,60-69,Occitanie,Premium,57,Élevée,Loisirs,Sortie,Confirmé
C0358,70-79,Île-de-France,Basique,9,Moyenne,Santé,Bien-être,Terminé
C0359,80+,Auvergne-Rhône-Alpes,Basique,39,Élevée,Administratif,Fiscalité,Confirmé
C0360,70-79,Auvergne-Rhône-Alpes,Basique,8,Moyenne,Administratif,Numérique,Annulé
C0361,60-69,Occitanie,Basique,46,Moyenne,Loisirs,Mémoire,Confirmé
C0362,60-69,Île-de-France,Basique,18,Élevée,Accompagnement,Transport,Annulé
C0363,80+,Île-de-France,Basique,50,Faible,Accompagnement,Transport,Confirmé
C0364,60-69,Bretagne,Basique,37,Moyenne,Santé,Bien-être,Confirmé
C0365,70-79,Auvergne-Rhône-Alpes,Basique,4,Faible,Accompagnement,Courses,Terminé
C0366,60-69,Île-de-France,Premium,10,Faible,Administratif,Numérique,Confirmé
C0367,60-69,Occitanie,Basique,36,Faible,Accompagnement,Transport,Confirmé
C0368,70-79,Bretagne,Basique,24,Faible,Accompagnement,Visite,Terminé
C0369,60-69,Île-de-France,Basique,30,Moyenne,Accompagnement,Courses,Annulé
C0370,60-69,Occitanie,Premium,58,Faible,Administratif,Démarches,Confirmé
C0371,60-69,Occitanie,Basique,36,Faible,Administratif,Fiscalité,Confirmé
C0372,60-69,Bretagne,Premium,34,Faible,Accompagnement,Support,Confirmé
C0373,70-79,Auvergne-Rhône-Alpes,Basique,10,Faible,Loisirs,Mémoire,Confirmé
C0374,80+,PACA,Premium,21,Moyenne,Santé,Bien-être,Terminé
C0375,80+,Bretagne,Premium,39,Faible,Loisirs,Créatif,Confirmé
C0376,70-79,Auvergne-Rhône-Alpes,Premium,25,Élevée,Accompagnement,Transport,Terminé
C0377,80+,Bretagne,Basique,51,Moyenne,Santé,Kiné,Confirmé
C0378,80+,Occitanie,Basique,57,Moyenne,Loisirs,Jeux,Annulé
C0379,70-79,Occitanie,Premium,15,Faible,Accompagnement,Courses,Confirmé
C0380,80+,PACA,Premium,40,Élevée,Loisirs,Mémoire,Confirmé
C0381,80+,Île-de-France,Premium,31,Élevée,Santé,Bien-être,Annulé
C0382,70-79,PACA,Basique,32,Faible,Accompagnement,Support,Confirmé
C0383,70-79,Bretagne,Basique,52,Moyenne,Loisirs,Mémoire,Terminé
C0384,70-79,Bretagne,Premium,45,Élevée,Loisirs,Créatif,Terminé
C0385,80+,Occitanie,Premium,28,Faible,Santé,Nutrition,Confirmé
C0386,70-79,PACA,Premium,7,Élevée,Loisirs,Jeux,Confirmé
C0387,80+,PACA,Premium,36,Moyenne,Santé,Nutrition,Confirmé
C0388,60-69,Île-de-France,Basique,24,Faible,Accompagnement,Transport,Annulé
C0389,80+,Île-de-France,Premium,54,Moyenne,Loisirs,Créatif,Confirmé
C0390,70-79,PACA,Basique,8,Faible,Administratif,Démarches,Confirmé
C0391,60-69,Occitanie,Basique,39,Élevée,Loisirs,Mémoire,Confirmé
C0392,70-79,Auvergne-Rhône-Alpes,Premium,37,Moyenne,Santé,Nutrition,Confirmé
C0393,60-69,Auvergne-Rhône-Alpes,Basique,50,Faible,Accompagnement,Courses,Terminé
C0394,80+,PACA,Basique,10,Moyenne,Santé,Suivi médical,Confirmé
C0395,70-79,Occitanie,Basique,39,Faible,Loisirs,Mémoire,Annulé
C0396,70-79,Auvergne-Rhône-Alpes,Basique,23,Moyenne,Accompagnement,Courses,Confirmé
C0397,80+,Bretagne,Basique,12,Élevée,Loisirs,Mémoire,Annulé
C0398,70-79,Île-de-France,Basique,48,Moyenne,Santé,Nutrition,Terminé
C0399,80+,Occitanie,Basique,44,Faible,Santé,Nutrition,Confirmé
C0400,80+,PACA,Basique,14,Faible,Accompagnement,Courses,Confirmé
C0401,80+,Occitanie,Premium,34,Moyenne,Santé,Suivi médical,Confirmé
C0402,70-79,Auvergne-Rhône-Alpes,Premium,53,Élevée,Accompagnement,Transport,Terminé
C0403,60-69,Occitanie,Premium,22,Faible,Administratif,Numérique,Confirmé
C0404,70-79,Bretagne,Basique,60,Moyenne,Loisirs,Sortie,Annulé
C0405,60-69,PACA,Premium,14,Faible,Accompagnement,Visite,Confirmé
C0406,80+,Bretagne,Premium,13,Moyenne,Santé,Suivi médical,Confirmé
C0407,80+,Île-de-France,Basique,46,Moyenne,Santé,Suivi médical,Confirmé
C0408,70-79,Occitanie,Basique,36,Faible,Accompagnement,Visite,Confirmé
C0409,70-79,Bretagne,Basique,37,Faible,Administratif,Fiscalité,Confirmé
C0410,80+,Bretagne,Premium,18,Moyenne,Santé,Nutrition,Annulé
C0411,60-69,PACA,Premium,12,Moyenne,Loisirs,Sortie,Confirmé
C0412,60-69,Bretagne,Basique,51,Moyenne,Accompagnement,Visite,Confirmé
C0413,60-69,Bretagne,Basique,51,Élevée,Loisirs,Mémoire,Confirmé
C0414,80+,Occitanie,Basique,21,Moyenne,Loisirs,Jeux,Terminé
C0415,70-79,Auvergne-Rhône-Alpes,Basique,5,Élevée,Accompagnement,Support,Confirmé
C0416,80+,PACA,Premium,36,Moyenne,Loisirs,Jeux,Confirmé
C0417,80+,Île-de-France,Basique,1,Moyenne,Loisirs,Jeux,Terminé
C0418,80+,Occitanie,Premium,4,Moyenne,Santé,Bien-être,Terminé
C0419,70-79,Occitanie,Premium,37,Moyenne,Loisirs,Jeux,Confirmé
C0420,60-69,PACA,Basique,4,Faible,Administratif,Courrier,Annulé
C0421,70-79,Île-de-France,Premium,3,Faible,Accompagnement,Visite,Confirmé
C0422,70-79,PACA,Basique,30,Faible,Administratif,Numérique,Confirmé
C0423,80+,Auvergne-Rhône-Alpes,Basique,23,Moyenne,Santé,Suivi médical,Terminé
C0424,80+,Occitanie,Premium,42,Élevée,Santé,Suivi médical,Annulé
C0425,70-79,Auvergne-Rhône-Alpes,Basique,54,Moyenne,Administratif,Numérique,Confirmé
C0426,80+,Auvergne-Rhône-Alpes,Basique,8,Élevée,Administratif,Courrier,Confirmé
C0427,60-69,Île-de-France,Premium,4,Moyenne,Accompagnement,Visite,Confirmé
C0428,60-69,PACA,Premium,17,Faible,Administratif,Fiscalité,Annulé
C0429,60-69,PACA,Premium,40,Élevée,Loisirs,Créatif,Confirmé
C0430,70-79,Auvergne-Rhône-Alpes,Premium,45,Moyenne,Santé,Suivi médical,Confirmé
C0431,70-79,Auvergne-Rhône-Alpes,Basique,56,Élevée,Accompagnement,Visite,Annulé
C0432,60-69,Bretagne,Basique,20,Élevée,Administratif,Numérique,Confirmé
C0433,70-79,Île-de-France,Basique,23,Élevée,Loisirs,Mémoire,Confirmé
C0434,60-69,Auvergne-Rhône-Alpes,Basique,8,Moyenne,Administratif,Démarches,Terminé
C0435,70-79,Occitanie,Basique,52,Faible,Accompagnement,Transport,Confirmé
C0436,80+,PACA,Basique,21,Faible,Santé,Nutrition,Confirmé
C0437,80+,Bretagne,Premium,54,Faible,Accompagnement,Visite,Confirmé
C0438,80+,PACA,Premium,29,Faible,Santé,Kiné,Confirmé
C0439,70-79,Occitanie,Basique,52,Moyenne,Accompagnement,Support,Confirmé
C0440,60-69,Auvergne-Rhône-Alpes,Basique,53,Élevée,Santé,Bien-être,Terminé
C0441,70-79,Auvergne-Rhône-Alpes,Premium,41,Faible,Accompagnement,Transport,Confirmé
C0442,80+,PACA,Premium,35,Moyenne,Loisirs,Créatif,Confirmé
C0443,60-69,PACA,Basique,9,Faible,Administratif,Numérique,Confirmé
C0444,60-69,Occitanie,Premium,34,Faible,Loisirs,Jeux,Confirmé
C0445,80+,Bretagne,Basique,43,Faible,Accompagnement,Transport,Confirmé
C0446,60-69,Auvergne-Rhône-Alpes,Basique,28,Faible,Loisirs,Créatif,Confirmé
C0447,70-79,Bretagne,Premium,11,Moyenne,Accompagnement,Transport,Confirmé
C0448,80+,Île-de-France,Basique,35,Moyenne,Loisirs,Sortie,Confirmé
C0449,70-79,Auvergne-Rhône-Alpes,Basique,54,Faible,Loisirs,Créatif,Confirmé
C0450,70-79,Bretagne,Basique,5,Moyenne,Accompagnement,Visite,Confirmé
C0451,60-69,PACA,Basique,59,Faible,Loisirs,Créatif,Confirmé
C0452,80+,PACA,Basique,48,Faible,Loisirs,Sortie,Confirmé
C0453,70-79,Auvergne-Rhône-Alpes,Basique,29,Élevée,Accompagnement,Transport,Terminé
C0454,80+,Occitanie,Basique,40,Moyenne,Santé,Nutrition,Terminé
C0455,70-79,Île-de-France,Premium,54,Élevée,Loisirs,Sortie,Confirmé
C0456,60-69,Occitanie,Premium,14,Moyenne,Accompagnement,Visite,Terminé
C0457,70-79,Bretagne,Basique,15,Moyenne,Administratif,Fiscalité,Confirmé
C0458,60-69,PACA,Premium,52,Moyenne,Loisirs,Créatif,Annulé
C0459,60-69,Auvergne-Rhône-Alpes,Basique,14,Moyenne,Administratif,Courrier,Confirmé
C0460,80+,Île-de-France,Basique,45,Moyenne,Santé,Bien-être,Confirmé
C0461,80+,Occitanie,Basique,52,Faible,Loisirs,Sortie,Confirmé
C0462,70-79,Bretagne,Basique,10,Faible,Accompagnement,Support,Terminé
C0463,70-79,Bretagne,Premium,47,Faible,Loisirs,Sortie,Confirmé
C0464,80+,Auvergne-Rhône-Alpes,Premium,43,Faible,Santé,Kiné,Terminé
C0465,60-69,Bretagne,Basique,36,Élevée,Administratif,Fiscalité,Confirmé
C0466,70-79,Île-de-France,Basique,9,Moyenne,Loisirs,Sortie,Confirmé
C0467,80+,Île-de-France,Basique,8,Moyenne,Santé,Kiné,Annulé
C0468,70-79,Bretagne,Basique,26,Élevée,Administratif,Démarches,Confirmé
C0469,80+,Auvergne-Rhône-Alpes,Basique,21,Faible,Santé,Nutrition,Confirmé
C0470,80+,Bretagne,Basique,54,Élevée,Santé,Bien-être,Confirmé
C0471,70-79,Auvergne-Rhône-Alpes,Premium,15,Moyenne,Loisirs,Mémoire,Annulé
C0472,80+,Auvergne-Rhône-Alpes,Basique,51,Moyenne,Santé,Kiné,Confirmé
C0473,60-69,Occitanie,Basique,52,Moyenne,Accompagnement,Courses,Confirmé
C0474,80+,PACA,Premium,30,Moyenne,Santé,Bien-être,Confirmé
C0475,70-79,Île-de-France,Basique,41,Faible,Santé,Bien-être,Annulé
C0476,70-79,Auvergne-Rhône-Alpes,Premium,38,Moyenne,Administratif,Numérique,Terminé
C0477,70-79,Occitanie,Basique,41,Faible,Accompagnement,Courses,Confirmé
C0478,80+,Occitanie,Basique,42,Moyenne,Loisirs,Créatif,Confirmé
C0479,80+,PACA,Premium,37,Faible,Santé,Kiné,Confirmé
C0480,60-69,Auvergne-Rhône-Alpes,Basique,9,Faible,Accompagnement,Visite,Annulé
C0481,80+,Auvergne-Rhône-Alpes,Basique,45,Moyenne,Loisirs,Mémoire,Annulé
C0482,80+,Bretagne,Basique,48,Faible,Santé,Bien-être,Confirmé
C0483,80+,Auvergne-Rhône-Alpes,Premium,4,Moyenne,Santé,Nutrition,Confirmé
C0484,80+,Bretagne,Premium,48,Élevée,Santé,Nutrition,Confirmé
C0485,70-79,Île-de-France,Basique,44,Faible,Loisirs,Sortie,Annulé
C0486,70-79,Auvergne-Rhône-Alpes,Basique,10,Élevée,Administratif,Numérique,Annulé
C0487,60-69,PACA,Basique,37,Moyenne,Accompagnement,Transport,Terminé
C0488,70-79,PACA,Basique,20,Moyenne,Loisirs,Mémoire,Confirmé
C0489,80+,PACA,Basique,18,Moyenne,Administratif,Fiscalité,Confirmé
C0490,80+,Auvergne-Rhône-Alpes,Basique,51,Moyenne,Loisirs,Créatif,Confirmé
C0491,80+,Bretagne,Basique,19,Moyenne,Accompagnement,Transport,Annulé
C0492,80+,Auvergne-Rhône-Alpes,Premium,56,Moyenne,Accompagnement,Support,Confirmé
C0493,60-69,PACA,Premium,20,Moyenne,Santé,Nutrition,Confirmé
C0494,70-79,Île-de-France,Basique,11,Faible,Accompagnement,Support,Confirmé
C0495,80+,Bretagne,Basique,17,Moyenne,Loisirs,Mémoire,Terminé
C0496,60-69,Bretagne,Basique,26,Moyenne,Loisirs,Jeux,Confirmé
C0497,70-79,Occitanie,Basique,41,Faible,Administratif,Démarches,Terminé
C0498,60-69,Bretagne,Basique,14,Moyenne,Accompagnement,Support,Annulé
C0499,60-69,Bretagne,Basique,20,Moyenne,Accompagnement,Transport,Confirmé
C0500,70-79,Île-de-France,Premium,26,Moyenne,Loisirs,Mémoire,Confirmé
C0501,80+,Occitanie,Basique,15,Moyenne,Accompagnement,Visite,Confirmé
C0502,70-79,Bretagne,Basique,25,Moyenne,Accompagnement,Courses,Confirmé
C0503,60-69,PACA,Basique,51,Moyenne,Administratif,Courrier,Confirmé
C0504,60-69,Auvergne-Rhône-Alpes,Basique,58,Élevée,Administratif,Fiscalité,Confirmé
C0505,70-79,Occitanie,Premium,17,Moyenne,Loisirs,Créatif,Confirmé
C0506,70-79,Occitanie,Basique,25,Moyenne,Accompagnement,Visite,Confirmé
C0507,60-69,Bretagne,Basique,23,Faible,Loisirs,Sortie,Confirmé
C0508,80+,Auvergne-Rhône-Alpes,Premium,11,Moyenne,Loisirs,Créatif,Terminé
C0509,80+,Auvergne-Rhône-Alpes,Premium,60,Élevée,Loisirs,Jeux,Terminé
C0510,60-69,Bretagne,Basique,49,Moyenne,Loisirs,Créatif,Confirmé
C0511,70-79,PACA,Basique,3,Faible,Santé,Suivi médical,Terminé
C0512,80+,Auvergne-Rhône-Alpes,Basique,4,Moyenne,Accompagnement,Visite,Confirmé
C0513,60-69,PACA,Basique,15,Élevée,Accompagnement,Courses,Confirmé
C0514,60-69,Occitanie,Basique,43,Moyenne,Administratif,Numérique,Annulé
C0515,60-69,Occitanie,Premium,26,Moyenne,Administratif,Fiscalité,Annulé
C0516,80+,PACA,Basique,36,Moyenne,Loisirs,Jeux,Confirmé
C0517,80+,PACA,Basique,11,Faible,Santé,Kiné,Confirmé
C0518,60-69,PACA,Basique,57,Faible,Accompagnement,Transport,Terminé
C0519,70-79,Occitanie,Basique,57,Faible,Administratif,Courrier,Confirmé
C0520,70-79,PACA,Premium,30,Moyenne,Santé,Nutrition,Annulé
C0521,70-79,Occitanie,Premium,41,Moyenne,Loisirs,Mémoire,Annulé
C0522,60-69,PACA,Basique,14,Élevée,Loisirs,Jeux,Confirmé
C0523,80+,Bretagne,Basique,5,Faible,Accompagnement,Courses,Confirmé
C0524,70-79,Bretagne,Basique,6,Faible,Santé,Bien-être,Confirmé
C0525,70-79,Île-de-France,Basique,41,Faible,Loisirs,Jeux,Confirmé
C0526,80+,Occitanie,Basique,19,Élevée,Santé,Kiné,Confirmé
C0527,70-79,Bretagne,Basique,44,Élevée,Accompagnement,Courses,Annulé
C0528,70-79,Occitanie,Basique,46,Moyenne,Loisirs,Sortie,Confirmé
C0529,60-69,Auvergne-Rhône-Alpes,Basique,15,Moyenne,Loisirs,Sortie,Annulé
C0530,70-79,Auvergne-Rhône-Alpes,Basique,4,Faible,Loisirs,Créatif,Annulé
C0531,60-69,PACA,Basique,21,Élevée,Administratif,Numérique,Confirmé
C0532,60-69,Bretagne,Basique,38,Moyenne,Loisirs,Mémoire,Confirmé
C0533,60-69,Bretagne,Premium,58,Élevée,Accompagnement,Transport,Confirmé
C0534,60-69,Occitanie,Basique,34,Faible,Administratif,Fiscalité,Confirmé
C0535,60-69,Île-de-France,Basique,40,Faible,Administratif,Courrier,Confirmé
C0536,70-79,Occitanie,Basique,36,Faible,Accompagnement,Support,Confirmé
C0537,80+,Bretagne,Premium,9,Moyenne,Administratif,Démarches,Annulé
C0538,60-69,PACA,Premium,54,Moyenne,Accompagnement,Transport,Confirmé
C0539,60-69,Occitanie,Basique,23,Élevée,Loisirs,Mémoire,Confirmé
C0540,70-79,Auvergne-Rhône-Alpes,Premium,24,Moyenne,Administratif,Numérique,Confirmé
C0541,60-69,Bretagne,Basique,49,Faible,Accompagnement,Transport,Confirmé
C0542,80+,PACA,Basique,9,Moyenne,Administratif,Démarches,Annulé
C0543,60-69,Île-de-France,Basique,52,Moyenne,Administratif,Fiscalité,Confirmé
C0544,80+,Auvergne-Rhône-Alpes,Basique,33,Moyenne,Accompagnement,Transport,Confirmé
C0545,80+,Île-de-France,Basique,53,Faible,Accompagnement,Visite,Confirmé
C0546,60-69,Île-de-France,Basique,11,Faible,Accompagnement,Courses,Confirmé
C0547,60-69,Occitanie,Basique,59,Moyenne,Accompagnement,Visite,Confirmé
C0548,70-79,Île-de-France,Premium,51,Faible,Santé,Kiné,Confirmé
C0549,80+,Occitanie,Premium,57,Élevée,Santé,Nutrition,Confirmé
C0550,70-79,PACA,Basique,59,Faible,Santé,Kiné,Confirmé
C0551,60-69,Île-de-France,Basique,12,Moyenne,Accompagnement,Courses,Annulé
C0552,60-69,PACA,Premium,22,Moyenne,Administratif,Démarches,Confirmé
C0553,70-79,PACA,Basique,12,Moyenne,Administratif,Numérique,Confirmé
C0554,60-69,Bretagne,Basique,27,Faible,Accompagnement,Support,Confirmé
C0555,80+,Occitanie,Premium,37,Moyenne,Santé,Nutrition,Confirmé
C0556,60-69,Auvergne-Rhône-Alpes,Premium,16,Moyenne,Accompagnement,Visite,Confirmé
C0557,80+,Auvergne-Rhône-Alpes,Basique,23,Élevée,Santé,Kiné,Confirmé
C0558,70-79,Bretagne,Premium,44,Moyenne,Loisirs,Sortie,Confirmé
C0559,70-79,Île-de-France,Basique,3,Élevée,Administratif,Démarches,Confirmé
C0560,60-69,Auvergne-Rhône-Alpes,Premium,6,Moyenne,Accompagnement,Visite,Annulé
C0561,60-69,Occitanie,Basique,17,Élevée,Loisirs,Sortie,Confirmé
C0562,60-69,Bretagne,Basique,50,Moyenne,Administratif,Numérique,Confirmé
C0563,80+,Île-de-France,Basique,53,Faible,Loisirs,Sortie,Confirmé
C0564,60-69,PACA,Basique,55,Moyenne,Administratif,Démarches,Confirmé
C0565,80+,PACA,Premium,18,Faible,Santé,Kiné,Terminé
C0566,60-69,Auvergne-Rhône-Alpes,Basique,41,Moyenne,Accompagnement,Transport,Terminé
C0567,60-69,Occitanie,Basique,44,Moyenne,Loisirs,Créatif,Confirmé
C0568,60-69,Bretagne,Premium,15,Faible,Accompagnement,Courses,Annulé
C0569,70-79,Auvergne-Rhône-Alpes,Premium,32,Élevée,Santé,Suivi médical,Confirmé
C0570,70-79,Auvergne-Rhône-Alpes,Premium,11,Moyenne,Loisirs,Créatif,Confirmé
C0571,60-69,Auvergne-Rhône-Alpes,Basique,14,Moyenne,Administratif,Numérique,Terminé
C0572,80+,Occitanie,Premium,17,Moyenne,Santé,Nutrition,Terminé
C0573,60-69,Occitanie,Basique,30,Élevée,Administratif,Démarches,Confirmé
C0574,70-79,Auvergne-Rhône-Alpes,Basique,57,Moyenne,Loisirs,Jeux,Confirmé
C0575,70-79,Auvergne-Rhône-Alpes,Basique,2,Moyenne,Administratif,Courrier,Annulé
C0576,60-69,Auvergne-Rhône-Alpes,Basique,19,Élevée,Administratif,Fiscalité,Confirmé
C0577,60-69,Occitanie,Basique,51,Moyenne,Administratif,Courrier,Terminé
C0578,80+,PACA,Basique,51,Moyenne,Loisirs,Sortie,Confirmé
C0579,70-79,Bretagne,Basique,48,Élevée,Santé,Kiné,Confirmé
C0580,70-79,Auvergne-Rhône-Alpes,Premium,17,Faible,Santé,Nutrition,Confirmé
C0581,70-79,Bretagne,Basique,31,Moyenne,Accompagnement,Support,Annulé
C0582,70-79,Île-de-France,Premium,34,Moyenne,Accompagnement,Support,Confirmé
C0583,60-69,PACA,Basique,44,Élevée,Administratif,Courrier,Annulé
C0584,80+,Bretagne,Basique,26,Faible,Loisirs,Créatif,Confirmé
C0585,70-79,Auvergne-Rhône-Alpes,Premium,57,Moyenne,Accompagnement,Transport,Confirmé
C0586,70-79,PACA,Premium,60,Élevée,Santé,Kiné,Confirmé
C0587,60-69,Île-de-France,Basique,52,Moyenne,Santé,Kiné,Terminé
C0588,80+,Auvergne-Rhône-Alpes,Premium,40,Élevée,Loisirs,Jeux,Confirmé
C0589,80+,Île-de-France,Basique,29,Moyenne,Loisirs,Créatif,Terminé
C0590,80+,Île-de-France,Basique,13,Moyenne,Santé,Nutrition,Confirmé
C0591,70-79,Île-de-France,Premium,6,Moyenne,Santé,Kiné,Confirmé
C0592,70-79,Bretagne,Basique,31,Faible,Loisirs,Mémoire,Confirmé
C0593,60-69,Occitanie,Premium,1,Faible,Accompagnement,Support,Confirmé
C0594,80+,Bretagne,Basique,14,Faible,Loisirs,Mémoire,Confirmé
C0595,60-69,PACA,Basique,25,Élevée,Accompagnement,Visite,Confirmé
C0596,80+,PACA,Basique,44,Faible,Accompagnement,Support,Terminé
C0597,80+,Bretagne,Basique,19,Moyenne,Santé,Suivi médical,Annulé
C0598,80+,Occitanie,Premium,43,Moyenne,Loisirs,Sortie,Confirmé
C0599,60-69,Auvergne-Rhône-Alpes,Basique,44,Élevée,Accompagnement,Visite,Annulé
C0600,60-69,Occitanie,Basique,32,Moyenne,Loisirs,Jeux,Confirmé
C0601,80+,PACA,Basique,53,Moyenne,Accompagnement,Transport,Confirmé
C0602,70-79,Auvergne-Rhône-Alpes,Basique,25,Faible,Accompagnement,Transport,Confirmé
C0603,80+,PACA,Basique,30,Moyenne,Loisirs,Sortie,Confirmé
C0604,70-79,Auvergne-Rhône-Alpes,Premium,13,Faible,Accompagnement,Courses,Annulé
C0605,70-79,Occitanie,Premium,21,Faible,Accompagnement,Visite,Confirmé
C0606,60-69,Île-de-France,Premium,58,Élevée,Accompagnement,Courses,Confirmé
C0607,80+,PACA,Basique,5,Moyenne,Loisirs,Sortie,Confirmé
C0608,60-69,Bretagne,Basique,7,Faible,Accompagnement,Transport,Annulé
C0609,70-79,Occitanie,Basique,50,Élevée,Loisirs,Jeux,Confirmé
C0610,70-79,Bretagne,Basique,19,Moyenne,Accompagnement,Visite,Terminé
C0611,70-79,Bretagne,Basique,5,Élevée,Santé,Suivi médical,Terminé
C0612,60-69,Occitanie,Premium,19,Élevée,Administratif,Numérique,Confirmé
C0613,70-79,Île-de-France,Basique,42,Élevée,Accompagnement,Visite,Terminé
C0614,80+,PACA,Basique,4,Élevée,Loisirs,Jeux,Confirmé
C0615,80+,PACA,Basique,28,Moyenne,Loisirs,Mémoire,Confirmé
C0616,70-79,Occitanie,Basique,40,Faible,Accompagnement,Support,Confirmé
C0617,70-79,Occitanie,Basique,9,Élevée,Accompagnement,Support,Annulé
C0618,80+,Auvergne-Rhône-Alpes,Basique,9,Moyenne,Accompagnement,Transport,Annulé
C0619,60-69,PACA,Premium,29,Moyenne,Accompagnement,Support,Confirmé
C0620,60-69,Île-de-France,Premium,15,Faible,Accompagnement,Courses,Confirmé
C0621,60-69,Bretagne,Basique,9,Élevée,Accompagnement,Support,Confirmé
C0622,70-79,Bretagne,Basique,37,Élevée,Accompagnement,Courses,Confirmé
C0623,80+,Auvergne-Rhône-Alpes,Basique,52,Faible,Santé,Suivi médical,Annulé
C0624,60-69,Bretagne,Basique,11,Moyenne,Administratif,Démarches,Annulé
C0625,80+,Occitanie,Premium,38,Moyenne,Administratif,Courrier,Confirmé
C0626,60-69,Occitanie,Premium,12,Faible,Administratif,Courrier,Confirmé
C0627,80+,Île-de-France,Basique,37,Moyenne,Loisirs,Jeux,Confirmé
C0628,60-69,Île-de-France,Premium,36,Moyenne,Accompagnement,Support,Confirmé
C0629,80+,Occitanie,Basique,22,Moyenne,Administratif,Fiscalité,Confirmé
C0630,60-69,PACA,Basique,37,Moyenne,Administratif,Fiscalité,Confirmé
C0631,80+,Auvergne-Rhône-Alpes,Premium,2,Moyenne,Santé,Nutrition,Confirmé
C0632,80+,Auvergne-Rhône-Alpes,Basique,2,Moyenne,Loisirs,Mémoire,Confirmé
C0633,60-69,Auvergne-Rhône-Alpes,Premium,42,Faible,Accompagnement,Courses,Confirmé
C0634,80+,PACA,Basique,55,Moyenne,Santé,Suivi médical,Terminé
C0635,60-69,Auvergne-Rhône-Alpes,Basique,41,Faible,Accompagnement,Visite,Confirmé
C0636,80+,Bretagne,Basique,33,Moyenne,Santé,Bien-être,Terminé
C0637,80+,Bretagne,Basique,38,Moyenne,Loisirs,Mémoire,Confirmé
C0638,60-69,Occitanie,Premium,60,Élevée,Administratif,Démarches,Terminé
C0639,60-69,PACA,Premium,16,Moyenne,Administratif,Numérique,Annulé
C0640,60-69,Auvergne-Rhône-Alpes,Basique,16,Faible,Accompagnement,Visite,Terminé
C0641,70-79,Auvergne-Rhône-Alpes,Basique,46,Moyenne,Accompagnement,Courses,Confirmé
C0642,60-69,Île-de-France,Basique,45,Moyenne,Loisirs,Sortie,Confirmé
C0643,80+,Auvergne-Rhône-Alpes,Basique,59,Faible,Santé,Suivi médical,Annulé
C0644,60-69,Bretagne,Basique,57,Moyenne,Accompagnement,Support,Confirmé
C0645,80+,Île-de-France,Basique,33,Faible,Santé,Kiné,Confirmé
C0646,70-79,Île-de-France,Basique,55,Faible,Loisirs,Jeux,Confirmé
C0647,80+,Bretagne,Basique,46,Moyenne,Loisirs,Sortie,Confirmé
C0648,60-69,PACA,Basique,42,Faible,Accompagnement,Support,Confirmé
C0649,70-79,Bretagne,Basique,29,Faible,Accompagnement,Support,Confirmé
C0650,80+,Occitanie,Basique,11,Moyenne,Loisirs,Créatif,Terminé
C0651,60-69,Île-de-France,Premium,6,Élevée,Administratif,Numérique,Annulé
C0652,60-69,PACA,Basique,1,Moyenne,Loisirs,Créatif,Confirmé
C0653,80+,PACA,Premium,6,Faible,Santé,Kiné,Confirmé
C0654,60-69,Occitanie,Premium,25,Faible,Administratif,Fiscalité,Confirmé
C0655,80+,Bretagne,Basique,12,Moyenne,Loisirs,Sortie,Annulé
C0656,80+,Auvergne-Rhône-Alpes,Basique,53,Moyenne,Loisirs,Sortie,Confirmé
C0657,70-79,Auvergne-Rhône-Alpes,Premium,15,Moyenne,Accompagnement,Courses,Confirmé
C0658,60-69,Occitanie,Premium,20,Moyenne,Accompagnement,Transport,Terminé
C0659,60-69,Île-de-France,Basique,6,Faible,Santé,Nutrition,Confirmé
C0660,80+,Occitanie,Basique,51,Moyenne,Loisirs,Créatif,Confirmé
C0661,80+,Bretagne,Basique,24,Moyenne,Accompagnement,Transport,Confirmé
C0662,70-79,Occitanie,Basique,59,Moyenne,Loisirs,Créatif,Confirmé
C0663,60-69,Île-de-France,Basique,51,Moyenne,Accompagnement,Visite,Confirmé
C0664,60-69,Bretagne,Basique,44,Moyenne,Loisirs,Sortie,Confirmé
C0665,80+,Occitanie,Basique,28,Élevée,Loisirs,Créatif,Confirmé
C0666,70-79,Île-de-France,Basique,53,Faible,Accompagnement,Visite,Annulé
C0667,70-79,Bretagne,Basique,8,Faible,Loisirs,Jeux,Annulé
C0668,80+,PACA,Premium,43,Moyenne,Accompagnement,Transport,Confirmé
C0669,80+,PACA,Premium,12,Faible,Administratif,Numérique,Confirmé
C0670,80+,PACA,Basique,4,Moyenne,Loisirs,Sortie,Annulé
C0671,70-79,Île-de-France,Basique,39,Moyenne,Accompagnement,Courses,Confirmé
C0672,60-69,Bretagne,Basique,17,Moyenne,Santé,Nutrition,Confirmé
C0673,60-69,Bretagne,Premium,27,Élevée,Accompagnement,Transport,Confirmé
C0674,80+,PACA,Premium,41,Moyenne,Santé,Suivi médical,Terminé
C0675,80+,Auvergne-Rhône-Alpes,Premium,2,Moyenne,Santé,Suivi médical,Annulé
C0676,80+,Auvergne-Rhône-Alpes,Basique,4,Moyenne,Santé,Kiné,Confirmé
C0677,80+,Occitanie,Basique,43,Moyenne,Santé,Bien-être,Confirmé
C0678,60-69,Auvergne-Rhône-Alpes,Premium,47,Moyenne,Loisirs,Sortie,Confirmé
C0679,80+,Auvergne-Rhône-Alpes,Basique,37,Faible,Loisirs,Créatif,Annulé
C0680,80+,PACA,Premium,33,Élevée,Santé,Bien-être,Confirmé
C0681,80+,Île-de-France,Basique,33,Moyenne,Santé,Kiné,Confirmé
C0682,60-69,Occitanie,Premium,11,Faible,Accompagnement,Courses,Confirmé
C0683,70-79,Île-de-France,Basique,8,Moyenne,Accompagnement,Transport,Terminé
C0684,80+,PACA,Basique,33,Moyenne,Loisirs,Mémoire,Confirmé
C0685,70-79,Île-de-France,Basique,33,Moyenne,Accompagnement,Support,Terminé
C0686,80+,PACA,Basique,4,Faible,Loisirs,Jeux,Confirmé
C0687,80+,Bretagne,Premium,41,Moyenne,Administratif,Courrier,Annulé
C0688,70-79,Île-de-France,Basique,8,Moyenne,Loisirs,Mémoire,Confirmé
C0689,60-69,PACA,Basique,8,Moyenne,Accompagnement,Courses,Confirmé
C0690,60-69,Île-de-France,Basique,54,Élevée,Accompagnement,Support,Confirmé
C0691,60-69,PACA,Basique,5,Faible,Administratif,Fiscalité,Confirmé
C0692,80+,Bretagne,Basique,5,Moyenne,Santé,Bien-être,Annulé
C0693,60-69,Bretagne,Basique,51,Moyenne,Administratif,Démarches,Confirmé
C0694,60-69,Auvergne-Rhône-Alpes,Premium,44,Faible,Accompagnement,Courses,Terminé
C0695,60-69,Île-de-France,Basique,37,Moyenne,Administratif,Fiscalité,Terminé
C0696,80+,Auvergne-Rhône-Alpes,Basique,50,Moyenne,Santé,Suivi médical,Confirmé
C0697,60-69,PACA,Basique,49,Faible,Santé,Nutrition,Annulé
C0698,60-69,Auvergne-Rhône-Alpes,Premium,14,Moyenne,Administratif,Fiscalité,Confirmé
C0699,70-79,PACA,Premium,29,Faible,Administratif,Fiscalité,Confirmé
C0700,80+,Auvergne-Rhône-Alpes,Premium,36,Moyenne,Accompagnement,Courses,Confirmé
C0701,60-69,Bretagne,Basique,7,Élevée,Accompagnement,Courses,Annulé
C0702,60-69,Auvergne-Rhône-Alpes,Basique,37,Faible,Santé,Nutrition,Confirmé
C0703,60-69,Occitanie,Basique,53,Moyenne,Accompagnement,Courses,Terminé
C0704,60-69,Auvergne-Rhône-Alpes,Basique,48,Élevée,Accompagnement,Support,Annulé
C0705,80+,Auvergne-Rhône-Alpes,Basique,58,Faible,Loisirs,Sortie,Confirmé
C0706,70-79,Occitanie,Basique,27,Faible,Loisirs,Jeux,Confirmé
C0707,60-69,PACA,Premium,30,Moyenne,Accompagnement,Courses,Confirmé
C0708,60-69,PACA,Basique,18,Faible,Administratif,Numérique,Annulé
C0709,70-79,Bretagne,Basique,10,Élevée,Loisirs,Sortie,Confirmé
C0710,60-69,Occitanie,Premium,37,Moyenne,Administratif,Courrier,Confirmé
C0711,60-69,Bretagne,Premium,40,Faible,Administratif,Démarches,Terminé
C0712,70-79,PACA,Basique,52,Moyenne,Santé,Kiné,Confirmé
C0713,70-79,Île-de-France,Basique,23,Faible,Loisirs,Créatif,Terminé
C0714,80+,PACA,Basique,24,Faible,Accompagnement,Courses,Confirmé
C0715,60-69,PACA,Premium,15,Faible,Administratif,Courrier,Confirmé
C0716,70-79,Auvergne-Rhône-Alpes,Basique,56,Moyenne,Santé,Kiné,Confirmé
C0717,60-69,Auvergne-Rhône-Alpes,Basique,27,Moyenne,Accompagnement,Transport,Confirmé
C0718,60-69,PACA,Basique,26,Moyenne,Administratif,Courrier,Confirmé
C0719,80+,PACA,Basique,13,Faible,Santé,Kiné,Confirmé
C0720,80+,Occitanie,Basique,33,Faible,Loisirs,Jeux,Terminé
C0721,60-69,Île-de-France,Premium,59,Élevée,Administratif,Démarches,Confirmé
C0722,70-79,Occitanie,Basique,14,Faible,Loisirs,Créatif,Confirmé
C0723,60-69,Bretagne,Basique,10,Moyenne,Accompagnement,Transport,Confirmé
C0724,80+,Île-de-France,Basique,48,Moyenne,Loisirs,Mémoire,Confirmé
C0725,70-79,Auvergne-Rhône-Alpes,Basique,54,Moyenne,Accompagnement,Visite,Confirmé
C0726,60-69,PACA,Basique,4,Moyenne,Accompagnement,Transport,Confirmé
C0727,60-69,Bretagne,Basique,18,Faible,Administratif,Fiscalité,Confirmé
C0728,60-69,Auvergne-Rhône-Alpes,Basique,1,Faible,Loisirs,Jeux,Annulé
C0729,60-69,PACA,Premium,20,Moyenne,Administratif,Numérique,Confirmé
C0730,80+,Auvergne-Rhône-Alpes,Basique,24,Élevée,Santé,Suivi médical,Annulé
C0731,80+,PACA,Premium,33,Moyenne,Santé,Nutrition,Confirmé
C0732,70-79,Auvergne-Rhône-Alpes,Premium,41,Moyenne,Accompagnement,Support,Annulé
C0733,70-79,Auvergne-Rhône-Alpes,Premium,57,Moyenne,Accompagnement,Support,Confirmé
C0734,80+,Occitanie,Premium,43,Élevée,Santé,Kiné,Confirmé
C0735,60-69,PACA,Basique,20,Élevée,Accompagnement,Visite,Confirmé
C0736,60-69,Île-de-France,Premium,3,Moyenne,Accompagnement,Visite,Confirmé
C0737,70-79,Occitanie,Basique,57,Faible,Accompagnement,Courses,Confirmé
C0738,70-79,Occitanie,Basique,7,Élevée,Administratif,Courrier,Confirmé
C0739,70-79,Île-de-France,Basique,37,Moyenne,Loisirs,Sortie,Confirmé
C0740,60-69,Auvergne-Rhône-Alpes,Premium,38,Moyenne,Accompagnement,Courses,Confirmé
C0741,70-79,PACA,Basique,15,Moyenne,Administratif,Numérique,Confirmé
C0742,70-79,Île-de-France,Basique,17,Faible,Santé,Nutrition,Confirmé
C0743,70-79,PACA,Basique,25,Élevée,Loisirs,Sortie,Confirmé
C0744,70-79,PACA,Basique,9,Élevée,Accompagnement,Courses,Confirmé
C0745,60-69,Île-de-France,Basique,59,Élevée,Accompagnement,Support,Annulé
C0746,60-69,Île-de-France,Basique,12,Élevée,Administratif,Démarches,Confirmé
C0747,80+,Bretagne,Basique,43,Moyenne,Administratif,Fiscalité,Confirmé
C0748,60-69,Bretagne,Premium,38,Moyenne,Accompagnement,Visite,Confirmé
C0749,60-69,PACA,Premium,16,Moyenne,Administratif,Démarches,Annulé
C0750,70-79,Bretagne,Basique,27,Faible,Accompagnement,Courses,Confirmé
C0751,70-79,Occitanie,Basique,32,Moyenne,Santé,Suivi médical,Confirmé
C0752,60-69,PACA,Premium,10,Moyenne,Accompagnement,Courses,Confirmé
C0753,60-69,Bretagne,Basique,47,Faible,Accompagnement,Transport,Confirmé
C0754,70-79,Occitanie,Premium,46,Moyenne,Santé,Bien-être,Confirmé
C0755,70-79,Bretagne,Basique,46,Moyenne,Loisirs,Sortie,Confirmé
C0756,70-79,PACA,Basique,18,Élevée,Loisirs,Sortie,Confirmé
C0757,70-79,Auvergne-Rhône-Alpes,Premium,41,Moyenne,Accompagnement,Support,Confirmé
C0758,70-79,Île-de-France,Premium,50,Faible,Administratif,Courrier,Confirmé
C0759,80+,Occitanie,Basique,18,Moyenne,Santé,Suivi médical,Confirmé
C0760,80+,PACA,Basique,56,Faible,Santé,Bien-être,Annulé
C0761,80+,PACA,Premium,51,Moyenne,Accompagnement,Transport,Confirmé
C0762,80+,Occitanie,Basique,36,Faible,Santé,Kiné,Confirmé
C0763,70-79,Île-de-France,Premium,59,Moyenne,Loisirs,Créatif,Annulé
C0764,80+,Bretagne,Basique,44,Faible,Santé,Kiné,Annulé
C0765,70-79,PACA,Basique,42,Faible,Loisirs,Jeux,Confirmé
C0766,70-79,Île-de-France,Basique,28,Faible,Accompagnement,Transport,Annulé
C0767,60-69,Bretagne,Basique,8,Moyenne,Santé,Bien-être,Confirmé
C0768,80+,Bretagne,Premium,26,Moyenne,Santé,Bien-être,Confirmé
C0769,60-69,Occitanie,Premium,15,Moyenne,Accompagnement,Visite,Confirmé
C0770,70-79,Île-de-France,Basique,1,Moyenne,Administratif,Fiscalité,Confirmé
C0771,60-69,Occitanie,Premium,45,Moyenne,Administratif,Numérique,Confirmé
C0772,80+,Auvergne-Rhône-Alpes,Basique,55,Faible,Santé,Nutrition,Confirmé
C0773,70-79,Occitanie,Basique,34,Faible,Santé,Nutrition,Confirmé
C0774,80+,Auvergne-Rhône-Alpes,Premium,8,Élevée,Santé,Bien-être,Confirmé
C0775,60-69,Bretagne,Premium,53,Faible,Accompagnement,Support,Confirmé
C0776,70-79,Île-de-France,Basique,7,Faible,Accompagnement,Visite,Confirmé
C0777,60-69,Île-de-France,Premium,55,Élevée,Santé,Suivi médical,Confirmé
C0778,60-69,Île-de-France,Basique,15,Faible,Administratif,Fiscalité,Confirmé
C0779,70-79,Auvergne-Rhône-Alpes,Basique,19,Moyenne,Accompagnement,Transport,Confirmé
C0780,80+,Auvergne-Rhône-Alpes,Basique,23,Faible,Santé,Suivi médical,Confirmé
C0781,70-79,Auvergne-Rhône-Alpes,Basique,37,Moyenne,Accompagnement,Courses,Confirmé
C0782,70-79,PACA,Basique,46,Faible,Santé,Suivi médical,Confirmé
C0783,70-79,Auvergne-Rhône-Alpes,Premium,18,Moyenne,Loisirs,Sortie,Confirmé
C0784,70-79,Île-de-France,Basique,24,Faible,Loisirs,Mémoire,Confirmé
C0785,60-69,PACA,Premium,11,Faible,Administratif,Courrier,Confirmé
C0786,60-69,Occitanie,Premium,8,Élevée,Santé,Kiné,Annulé
C0787,70-79,Bretagne,Basique,58,Moyenne,Loisirs,Créatif,Confirmé
C0788,80+,PACA,Basique,3,Élevée,Santé,Kiné,Confirmé
C0789,80+,Auvergne-Rhône-Alpes,Basique,57,Faible,Santé,Nutrition,Confirmé
C0790,80+,PACA,Premium,52,Faible,Loisirs,Sortie,Confirmé
C0791,60-69,PACA,Premium,10,Faible,Accompagnement,Support,Annulé
C0792,80+,Île-de-France,Basique,1,Élevée,Santé,Kiné,Confirmé
C0793,60-69,Bretagne,Premium,38,Moyenne,Administratif,Courrier,Confirmé
C0794,70-79,Auvergne-Rhône-Alpes,Basique,12,Moyenne,Accompagnement,Courses,Confirmé
C0795,80+,Bretagne,Basique,40,Faible,Santé,Suivi médical,Confirmé
C0796,80+,Auvergne-Rhône-Alpes,Basique,8,Faible,Loisirs,Mémoire,Annulé
C0797,80+,Occitanie,Premium,57,Moyenne,Accompagnement,Courses,Confirmé
C0798,60-69,Occitanie,Basique,10,Faible,Accompagnement,Support,Confirmé
C0799,60-69,Occitanie,Basique,37,Moyenne,Accompagnement,Transport,Confirmé
C0800,80+,Occitanie,Premium,8,Moyenne,Loisirs,Créatif,Confirmé
C0801,60-69,Occitanie,Basique,53,Moyenne,Administratif,Démarches,Terminé
C0802,60-69,Bretagne,Premium,55,Faible,Accompagnement,Visite,Confirmé
C0803,70-79,Auvergne-Rhône-Alpes,Basique,4,Moyenne,Loisirs,Jeux,Confirmé
C0804,60-69,PACA,Premium,42,Moyenne,Accompagnement,Visite,Confirmé
C0805,60-69,Île-de-France,Premium,29,Faible,Administratif,Démarches,Confirmé
C0806,60-69,Île-de-France,Premium,43,Moyenne,Administratif,Numérique,Confirmé
C0807,60-69,Bretagne,Premium,54,Moyenne,Accompagnement,Visite,Confirmé
C0808,70-79,Bretagne,Premium,17,Élevée,Accompagnement,Support,Confirmé
C0809,80+,Bretagne,Basique,13,Faible,Administratif,Courrier,Terminé
C0810,80+,Île-de-France,Premium,4,Moyenne,Accompagnement,Courses,Annulé
C0811,80+,PACA,Basique,9,Élevée,Santé,Bien-être,Confirmé
C0812,60-69,Occitanie,Premium,6,Élevée,Accompagnement,Support,Confirmé
C0813,60-69,Auvergne-Rhône-Alpes,Basique,25,Moyenne,Accompagnement,Transport,Confirmé
C0814,60-69,Bretagne,Basique,38,Faible,Santé,Bien-être,Confirmé
C0815,70-79,Île-de-France,Basique,59,Moyenne,Administratif,Démarches,Confirmé
C0816,60-69,Île-de-France,Premium,16,Élevée,Accompagnement,Visite,Confirmé
C0817,70-79,Bretagne,Premium,6,Élevée,Accompagnement,Support,Confirmé
C0818,70-79,Occitanie,Basique,15,Moyenne,Loisirs,Créatif,Confirmé
C0819,70-79,PACA,Basique,9,Moyenne,Administratif,Fiscalité,Confirmé
C0820,80+,Île-de-France,Premium,52,Élevée,Loisirs,Mémoire,Confirmé
C0821,60-69,Bretagne,Premium,29,Moyenne,Accompagnement,Courses,Confirmé
C0822,60-69,Auvergne-Rhône-Alpes,Basique,56,Élevée,Accompagnement,Transport,Confirmé
C0823,60-69,Bretagne,Basique,53,Faible,Administratif,Courrier,Annulé
C0824,70-79,Auvergne-Rhône-Alpes,Basique,24,Moyenne,Administratif,Courrier,Confirmé
C0825,70-79,PACA,Premium,36,Moyenne,Administratif,Courrier,Annulé
C0826,60-69,Auvergne-Rhône-Alpes,Premium,38,Faible,Accompagnement,Courses,Confirmé
C0827,60-69,Occitanie,Premium,1,Faible,Accompagnement,Transport,Confirmé
C0828,60-69,Auvergne-Rhône-Alpes,Basique,19,Élevée,Accompagnement,Transport,Annulé
C0829,60-69,Île-de-France,Basique,51,Faible,Accompagnement,Courses,Annulé
C0830,70-79,Île-de-France,Basique,37,Élevée,Accompagnement,Courses,Confirmé
C0831,80+,PACA,Premium,23,Moyenne,Santé,Bien-être,Annulé
C0832,80+,Bretagne,Basique,32,Moyenne,Santé,Nutrition,Confirmé
C0833,80+,Île-de-France,Premium,7,Élevée,Santé,Kiné,Confirmé
C0834,70-79,Occitanie,Basique,24,Moyenne,Accompagnement,Courses,Confirmé
C0835,70-79,Auvergne-Rhône-Alpes,Premium,22,Élevée,Santé,Suivi médical,Confirmé
C0836,60-69,Île-de-France,Premium,48,Moyenne,Administratif,Numérique,Confirmé
C0837,80+,Île-de-France,Basique,48,Moyenne,Santé,Suivi médical,Confirmé
C0838,60-69,Bretagne,Basique,2,Moyenne,Loisirs,Créatif,Annulé
C0839,60-69,Île-de-France,Basique,31,Faible,Accompagnement,Support,Confirmé
C0840,80+,Occitanie,Premium,22,Faible,Administratif,Courrier,Terminé
C0841,60-69,Île-de-France,Premium,57,Faible,Loisirs,Créatif,Annulé
C0842,80+,Bretagne,Premium,46,Faible,Loisirs,Mémoire,Confirmé
C0843,80+,Île-de-France,Basique,13,Faible,Santé,Suivi médical,Confirmé
C0844,70-79,PACA,Basique,12,Faible,Accompagnement,Courses,Confirmé
C0845,70-79,Auvergne-Rhône-Alpes,Basique,28,Faible,Accompagnement,Courses,Terminé
C0846,80+,Occitanie,Premium,58,Élevée,Santé,Nutrition,Confirmé
C0847,80+,Bretagne,Basique,43,Faible,Administratif,Numérique,Annulé
C0848,60-69,Bretagne,Basique,39,Faible,Accompagnement,Transport,Confirmé
C0849,70-79,Auvergne-Rhône-Alpes,Basique,16,Moyenne,Accompagnement,Support,Confirmé
C0850,80+,PACA,Basique,32,Faible,Santé,Nutrition,Confirmé
C0851,60-69,Bretagne,Basique,41,Faible,Accompagnement,Support,Confirmé
C0852,80+,Île-de-France,Basique,55,Faible,Loisirs,Jeux,Confirmé
C0853,70-79,Île-de-France,Basique,29,Moyenne,Santé,Suivi médical,Confirmé
C0854,70-79,Bretagne,Premium,8,Moyenne,Accompagnement,Transport,Confirmé
C0855,70-79,PACA,Premium,57,Élevée,Administratif,Démarches,Terminé
C0856,70-79,Occitanie,Basique,33,Faible,Loisirs,Créatif,Confirmé
C0857,60-69,Île-de-France,Premium,43,Élevée,Accompagnement,Support,Confirmé
C0858,70-79,Île-de-France,Basique,25,Faible,Santé,Kiné,Confirmé
C0859,60-69,Île-de-France,Basique,1,Faible,Administratif,Fiscalité,Confirmé
C0860,60-69,Île-de-France,Premium,12,Moyenne,Accompagnement,Support,Terminé
C0861,80+,Occitanie,Basique,12,Faible,Santé,Suivi médical,Confirmé
C0862,60-69,Auvergne-Rhône-Alpes,Premium,43,Moyenne,Administratif,Numérique,Terminé
C0863,80+,Bretagne,Basique,9,Moyenne,Santé,Suivi médical,Terminé
C0864,70-79,Bretagne,Basique,21,Moyenne,Accompagnement,Visite,Terminé
C0865,60-69,Île-de-France,Premium,7,Élevée,Accompagnement,Transport,Confirmé
C0866,70-79,Bretagne,Premium,43,Faible,Accompagnement,Transport,Confirmé
C0867,60-69,Occitanie,Premium,17,Moyenne,Administratif,Courrier,Confirmé
C0868,60-69,PACA,Premium,22,Faible,Santé,Suivi médical,Annulé
C0869,70-79,Auvergne-Rhône-Alpes,Basique,47,Élevée,Accompagnement,Visite,Confirmé
C0870,60-69,Bretagne,Premium,31,Faible,Loisirs,Créatif,Confirmé
C0871,60-69,Île-de-France,Basique,44,Moyenne,Administratif,Numérique,Confirmé
C0872,70-79,Bretagne,Basique,9,Faible,Santé,Bien-être,Terminé
C0873,70-79,Bretagne,Basique,4,Faible,Accompagnement,Transport,Terminé
C0874,80+,PACA,Basique,25,Élevée,Santé,Suivi médical,Confirmé
C0875,80+,Auvergne-Rhône-Alpes,Premium,39,Moyenne,Accompagnement,Visite,Confirmé
C0876,80+,Occitanie,Basique,31,Élevée,Santé,Nutrition,Confirmé
C0877,60-69,Île-de-France,Basique,3,Moyenne,Accompagnement,Visite,Confirmé
C0878,70-79,Auvergne-Rhône-Alpes,Premium,18,Moyenne,Accompagnement,Transport,Confirmé
C0879,70-79,Bretagne,Basique,47,Moyenne,Accompagnement,Support,Confirmé
C0880,80+,Île-de-France,Premium,29,Élevée,Santé,Suivi médical,Confirmé
C0881,70-79,Île-de-France,Premium,19,Moyenne,Accompagnement,Transport,Annulé
C0882,80+,Bretagne,Basique,49,Élevée,Accompagnement,Courses,Terminé
C0883,80+,Auvergne-Rhône-Alpes,Premium,37,Moyenne,Administratif,Courrier,Confirmé
C0884,60-69,PACA,Basique,22,Moyenne,Loisirs,Créatif,Confirmé
C0885,70-79,Occitanie,Premium,11,Faible,Loisirs,Jeux,Confirmé
C0886,70-79,Bretagne,Basique,4,Faible,Accompagnement,Courses,Confirmé
C0887,80+,Auvergne-Rhône-Alpes,Basique,37,Faible,Santé,Bien-être,Confirmé
C0888,60-69,Occitanie,Basique,7,Faible,Administratif,Courrier,Confirmé
C0889,70-79,Île-de-France,Basique,13,Élevée,Accompagnement,Support,Annulé
C0890,60-69,Auvergne-Rhône-Alpes,Premium,48,Faible,Accompagnement,Visite,Terminé
C0891,70-79,PACA,Basique,40,Faible,Santé,Kiné,Terminé
C0892,70-79,Île-de-France,Basique,15,Faible,Accompagnement,Transport,Confirmé
C0893,60-69,PACA,Premium,58,Élevée,Administratif,Courrier,Confirmé
C0894,80+,PACA,Basique,51,Moyenne,Santé,Suivi médical,Confirmé
C0895,70-79,Île-de-France,Premium,40,Moyenne,Accompagnement,Visite,Confirmé
C0896,80+,PACA,Premium,53,Moyenne,Administratif,Démarches,Annulé
C0897,70-79,Occitanie,Premium,41,Faible,Accompagnement,Visite,Confirmé
C0898,80+,Île-de-France,Basique,21,Élevée,Administratif,Démarches,Terminé
C0899,80+,Île-de-France,Basique,46,Moyenne,Loisirs,Mémoire,Confirmé
C0900,70-79,Bretagne,Basique,59,Faible,Accompagnement,Transport,Confirmé
C0901,80+,Occitanie,Basique,56,Moyenne,Administratif,Numérique,Confirmé
C0902,60-69,Auvergne-Rhône-Alpes,Basique,34,Faible,Accompagnement,Transport,Confirmé
C0903,80+,Auvergne-Rhône-Alpes,Premium,43,Faible,Santé,Bien-être,Confirmé
C0904,70-79,Bretagne,Premium,36,Élevée,Santé,Bien-être,Confirmé
C0905,80+,Occitanie,Basique,48,Élevée,Santé,Kiné,Confirmé
C0906,80+,Occitanie,Basique,43,Moyenne,Loisirs,Jeux,Confirmé
C0907,70-79,Île-de-France,Basique,18,Faible,Santé,Suivi médical,Confirmé
C0908,80+,PACA,Premium,33,Moyenne,Santé,Kiné,Confirmé
C0909,70-79,Auvergne-Rhône-Alpes,Premium,36,Moyenne,Administratif,Fiscalité,Confirmé
C0910,60-69,Occitanie,Basique,53,Moyenne,Accompagnement,Transport,Annulé
C0911,60-69,PACA,Premium,25,Moyenne,Accompagnement,Support,Annulé
C0912,80+,Bretagne,Basique,53,Moyenne,Accompagnement,Visite,Confirmé
C0913,70-79,Occitanie,Basique,55,Élevée,Accompagnement,Visite,Annulé
C0914,60-69,PACA,Basique,25,Élevée,Santé,Kiné,Annulé
C0915,80+,Bretagne,Basique,60,Élevée,Administratif,Démarches,Annulé
C0916,80+,Occitanie,Basique,40,Moyenne,Santé,Bien-être,Confirmé
C0917,80+,Auvergne-Rhône-Alpes,Premium,52,Moyenne,Santé,Nutrition,Terminé
C0918,70-79,Auvergne-Rhône-Alpes,Premium,56,Élevée,Administratif,Fiscalité,Confirmé
C0919,70-79,Occitanie,Basique,10,Moyenne,Loisirs,Jeux,Confirmé
C0920,70-79,Bretagne,Basique,50,Moyenne,Accompagnement,Visite,Confirmé
C0921,70-79,Occitanie,Basique,60,Faible,Loisirs,Créatif,Confirmé
C0922,80+,Île-de-France,Basique,47,Moyenne,Accompagnement,Visite,Terminé
C0923,70-79,Occitanie,Basique,22,Faible,Accompagnement,Courses,Confirmé
C0924,70-79,PACA,Premium,7,Moyenne,Loisirs,Sortie,Confirmé
C0925,70-79,Auvergne-Rhône-Alpes,Basique,46,Moyenne,Administratif,Numérique,Confirmé
C0926,80+,Occitanie,Premium,5,Faible,Loisirs,Créatif,Confirmé
C0927,60-69,Bretagne,Premium,33,Moyenne,Administratif,Courrier,Confirmé
C0928,70-79,Bretagne,Basique,52,Élevée,Santé,Nutrition,Confirmé
C0929,70-79,Auvergne-Rhône-Alpes,Basique,8,Moyenne,Accompagnement,Support,Confirmé
C0930,60-69,Auvergne-Rhône-Alpes,Basique,15,Faible,Accompagnement,Transport,Confirmé
C0931,60-69,PACA,Premium,13,Élevée,Loisirs,Mémoire,Annulé
C0932,60-69,Île-de-France,Premium,8,Faible,Accompagnement,Courses,Terminé
C0933,80+,Île-de-France,Basique,40,Faible,Administratif,Numérique,Confirmé
C0934,70-79,Occitanie,Basique,30,Élevée,Santé,Bien-être,Confirmé
C0935,80+,Auvergne-Rhône-Alpes,Basique,21,Faible,Loisirs,Créatif,Confirmé
C0936,60-69,Île-de-France,Basique,22,Élevée,Santé,Kiné,Terminé
C0937,80+,Île-de-France,Basique,34,Moyenne,Accompagnement,Support,Confirmé
C0938,70-79,PACA,Basique,9,Faible,Administratif,Fiscalité,Confirmé
C0939,70-79,Occitanie,Basique,5,Faible,Accompagnement,Courses,Confirmé
C0940,80+,PACA,Basique,41,Élevée,Loisirs,Sortie,Confirmé
C0941,70-79,Auvergne-Rhône-Alpes,Basique,34,Élevée,Loisirs,Créatif,Confirmé
C0942,80+,Occitanie,Premium,35,Faible,Accompagnement,Transport,Annulé
C0943,60-69,Île-de-France,Premium,29,Élevée,Accompagnement,Support,Terminé
C0944,60-69,Île-de-France,Premium,3,Moyenne,Loisirs,Jeux,Annulé
C0945,60-69,Île-de-France,Premium,22,Élevée,Accompagnement,Courses,Confirmé
C0946,60-69,Île-de-France,Premium,13,Faible,Administratif,Numérique,Terminé
C0947,60-69,Occitanie,Premium,29,Moyenne,Administratif,Fiscalité,Confirmé
C0948,60-69,Occitanie,Premium,48,Faible,Accompagnement,Visite,Confirmé
C0949,70-79,PACA,Basique,6,Élevée,Administratif,Courrier,Confirmé
C0950,60-69,Occitanie,Premium,30,Faible,Santé,Bien-être,Confirmé
C0951,70-79,PACA,Basique,5,Moyenne,Santé,Nutrition,Confirmé
C0952,80+,Auvergne-Rhône-Alpes,Basique,53,Moyenne,Santé,Bien-être,Terminé
C0953,60-69,Île-de-France,Premium,46,Faible,Accompagnement,Support,Annulé
C0954,80+,Auvergne-Rhône-Alpes,Premium,55,Élevée,Loisirs,Créatif,Confirmé
C0955,60-69,Île-de-France,Premium,28,Moyenne,Administratif,Courrier,Confirmé
C0956,70-79,Occitanie,Premium,15,Faible,Administratif,Démarches,Confirmé
C0957,80+,Auvergne-Rhône-Alpes,Basique,32,Élevée,Santé,Kiné,Confirmé
C0958,70-79,PACA,Premium,4,Faible,Santé,Nutrition,Confirmé
C0959,60-69,Île-de-France,Premium,57,Moyenne,Accompagnement,Visite,Confirmé
C0960,80+,Bretagne,Basique,48,Moyenne,Santé,Bien-être,Confirmé
C0961,80+,Île-de-France,Basique,30,Faible,Administratif,Numérique,Confirmé
C0962,80+,Occitanie,Basique,12,Moyenne,Santé,Kiné,Annulé
C0963,80+,Bretagne,Basique,16,Faible,Administratif,Fiscalité,Confirmé
C0964,70-79,Bretagne,Premium,31,Moyenne,Accompagnement,Transport,Confirmé
C0965,60-69,Île-de-France,Premium,6,Moyenne,Santé,Bien-être,Terminé
C0966,70-79,Bretagne,Premium,45,Faible,Administratif,Démarches,Confirmé
C0967,80+,PACA,Premium,47,Moyenne,Loisirs,Jeux,Annulé
C0968,80+,Île-de-France,Premium,59,Moyenne,Accompagnement,Visite,Confirmé
C0969,60-69,PACA,Basique,2,Moyenne,Accompagnement,Transport,Confirmé
C0970,70-79,PACA,Basique,44,Faible,Santé,Suivi médical,Confirmé
C0971,80+,PACA,Basique,53,Faible,Santé,Bien-être,Confirmé
C0972,70-79,Bretagne,Basique,60,Faible,Santé,Suivi médical,Confirmé
C0973,70-79,Bretagne,Basique,58,Moyenne,Accompagnement,Transport,Annulé
C0974,80+,Bretagne,Basique,1,Élevée,Loisirs,Créatif,Terminé
C0975,70-79,Occitanie,Premium,54,Moyenne,Accompagnement,Support,Confirmé
C0976,70-79,Île-de-France,Premium,40,Moyenne,Santé,Bien-être,Terminé
C0977,60-69,Île-de-France,Basique,38,Faible,Administratif,Fiscalité,Confirmé
C0978,60-69,Bretagne,Basique,50,Élevée,Accompagnement,Courses,Confirmé
C0979,60-69,PACA,Basique,16,Faible,Accompagnement,Support,Confirmé
C0980,80+,Occitanie,Premium,38,Faible,Accompagnement,Courses,Terminé
C0981,70-79,Occitanie,Basique,5,Moyenne,Loisirs,Mémoire,Annulé
C0982,70-79,Île-de-France,Basique,27,Moyenne,Accompagnement,Visite,Terminé
C0983,80+,Auvergne-Rhône-Alpes,Basique,44,Moyenne,Accompagnement,Transport,Terminé
C0984,80+,Auvergne-Rhône-Alpes,Basique,51,Moyenne,Santé,Nutrition,Annulé
C0985,60-69,Occitanie,Basique,8,Faible,Accompagnement,Courses,Confirmé
C0986,80+,Île-de-France,Basique,52,Élevée,Accompagnement,Transport,Confirmé
C0987,60-69,Occitanie,Basique,47,Moyenne,Administratif,Démarches,Confirmé
C0988,80+,PACA,Basique,49,Moyenne,Santé,Suivi médical,Confirmé
C0989,60-69,Occitanie,Basique,21,Faible,Accompagnement,Transport,Confirmé
C0990,60-69,Île-de-France,Basique,42,Élevée,Accompagnement,Courses,Confirmé
C0991,60-69,Auvergne-Rhône-Alpes,Premium,14,Élevée,Accompagnement,Visite,Annulé
C0992,80+,Occitanie,Basique,60,Moyenne,Santé,Bien-être,Confirmé
C0993,80+,Île-de-France,Basique,52,Moyenne,Accompagnement,Transport,Annulé
C0994,70-79,Occitanie,Basique,60,Moyenne,Loisirs,Créatif,Annulé
C0995,70-79,Auvergne-Rhône-Alpes,Basique,40,Moyenne,Loisirs,Sortie,Confirmé
C0996,70-79,PACA,Basique,24,Faible,Loisirs,Mémoire,Terminé
C0997,70-79,PACA,Basique,39,Moyenne,Loisirs,Créatif,Confirmé
C0998,70-79,Auvergne-Rhône-Alpes,Basique,13,Moyenne,Accompagnement,Support,Confirmé
C0999,70-79,Occitanie,Premium,36,Faible,Accompagnement,Visite,Confirmé
C1000,60-69,Occitanie,Basique,28,Élevée,Accompagnement,Support,Confirmé
